price,size_sqft,bedrooms,bathrms,aircond,parking,city,year_built,price_per_sqft
25968458.0,967.0,2.0,2.0,Yes,0.0,Bangalore,2015.0,26854.66
9911984.0,1668.0,,5.0,Yes,1.0,Kolkata,2015.0,5942.44
17399456.0,1011.0,2.0,2.0,Yes,3.0,Mumbai,2013.0,17210.14
19511390.0,1852.0,6.0,6.0,No,2.0,Bangalore,1992.0,10535.31
27276342.0,1452.0,3.0,4.0,Yes,1.0,Mumbai,2012.0,18785.36
2639332.0,389.0,1.0,,No,2.0,Bangalore,2004.0,6784.92
6155672.0,521.0,2.0,2.0,Yes,1.0,Mumbai,1970.0,11815.11
20653516.0,1294.0,3.0,3.0,No,1.0,Mumbai,2000.0,15960.99
2076323.0,379.0,2.0,2.0,Yes,1.0,Hyderabad,2005.0,5478.42
1827802.0,250.0,1.0,1.0,Yes,2.0,Pune,2013.0,7311.21
22739254.0,2272.0,4.0,4.0,Yes,2.0,Pune,2015.0,10008.47
1937720.0,250.0,2.0,2.0,No,1.0,Delhi,2000.0,7750.88
15376750.0,1873.0,4.0,,No,1.0,Bangalore,2021.0,8209.69
22482317.0,1300.0,3.0,4.0,No,2.0,Mumbai,1993.0,17294.09
1593627.0,250.0,1.0,2.0,Yes,1.0,Pune,1990.0,6374.51
15859098.0,1864.0,5.0,5.0,Yes,2.0,Chennai,2013.0,8508.1
8307512.0,878.0,3.0,3.0,Yes,2.0,Delhi,2010.0,9461.86
6559057.0,575.0,1.0,1.0,No,2.0,Mumbai,2007.0,11407.06
2271213.0,585.0,3.0,3.0,,1.0,Ahmedabad,1978.0,3882.42
21764737.0,596.0,2.0,2.0,No,2.0,Mumbai,1999.0,36518.02
6364367.0,990.0,3.0,3.0,No,,Hyderabad,1992.0,6428.65
7934392.0,1072.0,3.0,3.0,Yes,2.0,Chennai,2014.0,7401.49
9373172.0,1843.0,4.0,5.0,No,1.0,Kolkata,2006.0,5085.82
10305966.0,1197.0,3.0,3.0,Yes,1.0,Pune,2017.0,8609.83
3851833.0,435.0,1.0,2.0,,0.0,Delhi,2014.0,8854.79
19831277.0,2198.0,4.0,5.0,Yes,1.0,Bangalore,2006.0,9022.42
9605945.0,679.0,3.0,3.0,Yes,1.0,Mumbai,2007.0,14147.19
2182968.0,250.0,2.0,3.0,Yes,1.0,Bangalore,2022.0,8731.87
40923773.0,2308.0,4.0,4.0,Yes,1.0,Mumbai,2004.0,17731.27
8023872.0,1386.0,3.0,3.0,No,1.0,Chennai,2006.0,5789.23
,329.0,1.0,1.0,No,1.0,Hyderabad,1997.0,
7236145.0,781.0,2.0,2.0,Yes,3.0,Bangalore,2005.0,9265.23
19575863.0,1307.0,3.0,3.0,No,3.0,Mumbai,2000.0,14977.71
22961501.0,1488.0,2.0,2.0,Yes,,Mumbai,,15431.12
3169305.0,,1.0,2.0,Yes,0.0,Mumbai,1990.0,
4380206.0,623.0,2.0,2.0,No,2.0,Pune,2006.0,7030.83
5075693.0,738.0,1.0,1.0,Yes,2.0,Delhi,1976.0,6877.63
21120016.0,2042.0,,5.0,Yes,0.0,Bangalore,2005.0,10342.81
4922979.0,697.0,2.0,2.0,No,2.0,Bangalore,,7063.1
24311723.0,2505.0,6.0,6.0,Yes,2.0,Bangalore,2013.0,9705.28
2429601.0,338.0,1.0,1.0,Yes,2.0,Bangalore,1988.0,7188.17
10340693.0,1256.0,2.0,2.0,No,1.0,Delhi,1982.0,8233.04
6657910.0,1182.0,3.0,3.0,Yes,0.0,Chennai,1992.0,5632.75
12147597.0,838.0,1.0,1.0,Yes,2.0,Mumbai,2004.0,14495.94
5109748.0,439.0,1.0,1.0,No,0.0,Mumbai,1980.0,11639.52
2271826.0,281.0,1.0,1.0,Yes,,Delhi,2000.0,8084.79
7865577.0,1323.0,3.0,4.0,No,2.0,Pune,2006.0,5945.26
10996296.0,651.0,2.0,2.0,Yes,2.0,Mumbai,2011.0,16891.39
5148774.0,715.0,3.0,,No,1.0,Pune,1989.0,7201.08
24990837.0,1497.0,2.0,2.0,No,1.0,Mumbai,2012.0,16693.95
4297025.0,643.0,2.0,2.0,Yes,2.0,Hyderabad,1995.0,6682.78
12575315.0,1355.0,3.0,3.0,Yes,1.0,Delhi,1995.0,9280.68
1997058.0,250.0,2.0,2.0,Yes,1.0,Delhi,1983.0,7988.23
17476135.0,1132.0,2.0,2.0,,2.0,Mumbai,2015.0,15438.28
6482019.0,662.0,3.0,3.0,No,1.0,Delhi,1997.0,9791.57
1109520.0,279.0,1.0,1.0,No,1.0,Kolkata,1985.0,3976.77
5378303.0,658.0,1.0,1.0,Yes,1.0,Delhi,1980.0,8173.71
5669717.0,829.0,2.0,2.0,Yes,1.0,Chennai,2002.0,6839.22
13172428.0,1200.0,3.0,3.0,Yes,0.0,Delhi,2021.0,10977.02
21712042.0,1833.0,4.0,4.0,Yes,3.0,Delhi,2015.0,11845.09
12051317.0,1096.0,3.0,3.0,Yes,1.0,Delhi,,10995.73
948980.0,250.0,1.0,1.0,No,1.0,Kolkata,1991.0,3795.92
7373492.0,1203.0,3.0,3.0,No,,Chennai,1988.0,6129.25
37613896.0,1655.0,6.0,6.0,Yes,2.0,Mumbai,2011.0,22727.43
7032898.0,1199.0,3.0,3.0,Yes,2.0,Hyderabad,1975.0,5865.64
3678320.0,250.0,2.0,2.0,No,0.0,Mumbai,2025.0,14713.28
7089481.0,939.0,2.0,3.0,No,2.0,Pune,,7550.03
49022291.0,2272.0,5.0,5.0,Yes,3.0,Mumbai,2011.0,21576.71
6006984.0,561.0,3.0,3.0,No,1.0,Delhi,2025.0,10707.64
5835104.0,948.0,3.0,3.0,Yes,2.0,Chennai,1976.0,6155.17
,1294.0,3.0,,Yes,1.0,Mumbai,1997.0,
15415404.0,2256.0,3.0,3.0,Yes,2.0,Chennai,2013.0,6833.07
34224812.0,,4.0,4.0,Yes,1.0,Mumbai,2002.0,
3307708.0,553.0,2.0,3.0,Yes,1.0,Pune,1969.0,5981.39
2713576.0,401.0,1.0,1.0,No,1.0,Delhi,1994.0,6767.02
12737778.0,820.0,2.0,2.0,Yes,1.0,Mumbai,2012.0,15533.88
7091671.0,1069.0,3.0,3.0,Yes,2.0,Chennai,2002.0,6633.93
8753698.0,697.0,2.0,2.0,Yes,1.0,Mumbai,1950.0,12559.11
2911278.0,741.0,2.0,3.0,No,,Ahmedabad,,3928.85
,780.0,3.0,3.0,Yes,,Ahmedabad,2020.0,
3237429.0,503.0,3.0,3.0,No,1.0,Pune,1984.0,6436.24
5971317.0,882.0,2.0,2.0,No,1.0,Bangalore,1999.0,6770.2
3913026.0,633.0,2.0,2.0,Yes,0.0,Chennai,2025.0,6181.72
2240760.0,250.0,2.0,2.0,Yes,1.0,Bangalore,2025.0,8963.04
3984110.0,464.0,2.0,3.0,No,0.0,Bangalore,2001.0,8586.44
6417366.0,431.0,2.0,3.0,No,1.0,Mumbai,2017.0,14889.48
12291764.0,825.0,2.0,2.0,Yes,1.0,Mumbai,1997.0,14899.11
21249220.0,1322.0,4.0,5.0,No,1.0,Mumbai,2023.0,16073.54
2092885.0,533.0,1.0,1.0,No,2.0,Ahmedabad,2011.0,3926.61
12869554.0,872.0,2.0,2.0,Yes,0.0,Mumbai,2006.0,14758.66
1270687.0,250.0,1.0,,Yes,1.0,Chennai,1981.0,5082.75
1591632.0,315.0,1.0,1.0,No,2.0,Hyderabad,2004.0,5052.8
6571969.0,495.0,1.0,1.0,No,2.0,Mumbai,,13276.71
4334984.0,757.0,2.0,2.0,No,2.0,Chennai,1986.0,5726.53
5733295.0,479.0,1.0,1.0,No,1.0,Mumbai,1974.0,11969.3
10730579.0,1192.0,3.0,4.0,No,2.0,Delhi,1984.0,9002.16
18867450.0,2553.0,3.0,3.0,Yes,0.0,Pune,2000.0,7390.31
7538161.0,1113.0,,3.0,Yes,2.0,Chennai,,6772.83
6135647.0,461.0,,2.0,Yes,1.0,Mumbai,1960.0,13309.43
16380150.0,1162.0,3.0,,Yes,1.0,Mumbai,1994.0,14096.51
24233741.0,3368.0,4.0,4.0,No,2.0,Hyderabad,2025.0,7195.29
8211917.0,1015.0,2.0,2.0,Yes,2.0,Pune,1997.0,8090.56
18675189.0,1723.0,4.0,4.0,Yes,1.0,Delhi,2005.0,10838.76
10039277.0,1378.0,3.0,4.0,Yes,1.0,Chennai,2013.0,7285.4
1151724.0,250.0,1.0,,No,1.0,Hyderabad,1995.0,4606.9
1387780.0,250.0,1.0,1.0,,2.0,Chennai,2013.0,5551.12
2342228.0,379.0,1.0,1.0,Yes,,Pune,1963.0,6180.02
11918858.0,1265.0,3.0,3.0,Yes,2.0,Bangalore,2020.0,9422.02
5689876.0,978.0,3.0,3.0,No,1.0,Hyderabad,1995.0,5817.87
1825886.0,419.0,,1.0,No,1.0,Kolkata,2006.0,4357.72
2139237.0,290.0,1.0,2.0,No,2.0,Bangalore,,7376.68
7141191.0,1600.0,4.0,4.0,No,2.0,Ahmedabad,2006.0,4463.24
1628884.0,254.0,1.0,1.0,No,1.0,Pune,1999.0,6412.93
9425433.0,,3.0,3.0,Yes,2.0,Chennai,2001.0,
32819691.0,2509.0,6.0,6.0,Yes,1.0,Bangalore,2025.0,13080.79
18083051.0,1854.0,6.0,6.0,,1.0,Pune,2008.0,9753.53
3248261.0,791.0,3.0,3.0,Yes,1.0,Kolkata,1977.0,4106.52
14203884.0,746.0,2.0,2.0,Yes,2.0,Mumbai,2018.0,19040.06
10162643.0,1191.0,4.0,4.0,No,1.0,Bangalore,1992.0,8532.87
3851833.0,435.0,1.0,2.0,,0.0,Delhi,2014.0,8854.79
3972108.0,265.0,2.0,2.0,Yes,1.0,Mumbai,1992.0,14989.09
7109441.0,1104.0,3.0,4.0,Yes,1.0,Chennai,1994.0,6439.71
3573437.0,299.0,1.0,1.0,No,0.0,Mumbai,1983.0,11951.29
3860621.0,594.0,,,,0.0,Bangalore,,6499.36
4501389.0,314.0,2.0,2.0,No,2.0,Mumbai,1999.0,14335.63
1995602.0,272.0,2.0,2.0,No,1.0,Delhi,1979.0,7336.77
11940780.0,1394.0,3.0,,Yes,1.0,Bangalore,2007.0,8565.84
1255466.0,250.0,1.0,1.0,No,1.0,Chennai,1995.0,5021.86
9272896.0,1464.0,,3.0,Yes,1.0,Chennai,2025.0,6333.95
1494816.0,362.0,1.0,1.0,No,0.0,Hyderabad,1992.0,4129.33
17774681.0,1037.0,3.0,4.0,No,3.0,Bangalore,2019.0,17140.48
7365897.0,1421.0,2.0,2.0,Yes,2.0,Hyderabad,2015.0,5183.6
9549480.0,962.0,2.0,2.0,Yes,2.0,Delhi,2002.0,9926.69
13554560.0,1416.0,2.0,2.0,,1.0,Delhi,1999.0,9572.43
8957807.0,636.0,2.0,2.0,Yes,,Mumbai,1992.0,14084.6
3550266.0,250.0,1.0,1.0,Yes,1.0,Mumbai,2002.0,14201.06
1891803.0,250.0,2.0,3.0,Yes,2.0,Bangalore,1985.0,7567.21
1256588.0,347.0,1.0,1.0,No,2.0,Ahmedabad,1979.0,3621.29
5821647.0,736.0,2.0,,Yes,1.0,Bangalore,2020.0,7909.85
9455367.0,660.0,2.0,2.0,Yes,0.0,Mumbai,2005.0,14326.31
4436165.0,591.0,2.0,3.0,No,1.0,Delhi,2016.0,7506.2
4435401.0,906.0,3.0,3.0,No,1.0,Hyderabad,1981.0,4895.59
8185927.0,924.0,4.0,4.0,Yes,1.0,Pune,2025.0,8859.23
1360285.0,450.0,1.0,1.0,,0.0,Ahmedabad,1974.0,3022.86
5504936.0,654.0,2.0,3.0,Yes,1.0,Bangalore,2025.0,8417.33
30503782.0,3494.0,4.0,4.0,No,1.0,Bangalore,2010.0,8730.33
9062541.0,1098.0,4.0,5.0,Yes,1.0,Pune,2008.0,8253.68
7080233.0,1281.0,4.0,4.0,Yes,1.0,Ahmedabad,2005.0,5527.11
24779236.0,1052.0,3.0,3.0,Yes,0.0,Bangalore,1988.0,23554.41
9212136.0,2133.0,4.0,5.0,Yes,1.0,Ahmedabad,2015.0,4318.86
5154847.0,844.0,,2.0,Yes,1.0,Hyderabad,2000.0,6107.64
9460686.0,1223.0,3.0,,Yes,2.0,Bangalore,1985.0,7735.64
2345620.0,621.0,3.0,3.0,No,1.0,Ahmedabad,2006.0,3777.17
10044324.0,1219.0,3.0,3.0,No,1.0,Bangalore,2013.0,8239.81
3468213.0,600.0,2.0,3.0,No,2.0,Chennai,2025.0,5780.36
17571756.0,1054.0,,3.0,Yes,3.0,Mumbai,2019.0,16671.5
11332060.0,1193.0,3.0,4.0,Yes,1.0,Bangalore,2013.0,9498.79
5902478.0,794.0,3.0,3.0,Yes,2.0,Bangalore,1977.0,7433.85
17102843.0,2498.0,4.0,,Yes,2.0,Hyderabad,2020.0,6846.61
11026659.0,726.0,2.0,3.0,Yes,1.0,Mumbai,2010.0,15188.24
1450981.0,250.0,1.0,,No,2.0,Chennai,2008.0,5803.92
17774103.0,1444.0,3.0,3.0,Yes,1.0,Delhi,2025.0,12308.94
13422943.0,1297.0,3.0,3.0,Yes,0.0,Delhi,1995.0,10349.22
11340267.0,1456.0,3.0,3.0,No,1.0,Bangalore,2013.0,7788.64
9728191.0,1014.0,3.0,3.0,Yes,1.0,Bangalore,2003.0,9593.88
6924614.0,855.0,2.0,2.0,No,2.0,Bangalore,2025.0,8098.96
4425239.0,787.0,1.0,1.0,Yes,2.0,Chennai,1998.0,5622.92
,732.0,2.0,2.0,Yes,1.0,Delhi,2007.0,
15069969.0,1938.0,3.0,3.0,Yes,2.0,Pune,2007.0,7776.04
17384550.0,,,3.0,,1.0,Pune,2025.0,
2906782.0,250.0,1.0,1.0,No,0.0,Mumbai,1998.0,11627.13
9340621.0,1093.0,2.0,,Yes,2.0,Pune,2013.0,8545.86
3195100.0,542.0,1.0,2.0,,1.0,Pune,2018.0,5895.02
9176904.0,708.0,2.0,2.0,Yes,1.0,Mumbai,1965.0,12961.73
14707840.0,1521.0,4.0,4.0,No,2.0,Pune,2025.0,9669.85
8344341.0,1153.0,2.0,2.0,No,2.0,Bangalore,1992.0,7237.07
14550516.0,1640.0,5.0,5.0,Yes,1.0,Pune,2011.0,8872.27
3376862.0,681.0,2.0,,Yes,2.0,Kolkata,2009.0,4958.68
4180026.0,726.0,2.0,2.0,No,1.0,Pune,1970.0,5757.61
3286604.0,,1.0,1.0,No,1.0,Mumbai,1999.0,
2950097.0,457.0,1.0,1.0,Yes,1.0,Hyderabad,,6455.35
11936801.0,1499.0,2.0,,Yes,1.0,Bangalore,1993.0,7963.18
4356741.0,816.0,2.0,2.0,No,1.0,Chennai,2001.0,5339.14
3812836.0,489.0,1.0,1.0,,1.0,Delhi,2021.0,7797.21
1855943.0,250.0,2.0,2.0,No,1.0,Bangalore,2020.0,7423.77
2421519.0,434.0,1.0,1.0,No,1.0,Chennai,2023.0,5579.54
12653187.0,1942.0,4.0,4.0,No,2.0,Hyderabad,2004.0,6515.54
8759324.0,1087.0,2.0,3.0,Yes,1.0,Bangalore,,8058.26
12366769.0,1007.0,3.0,4.0,Yes,2.0,Delhi,2025.0,12280.8
20730732.0,1157.0,3.0,3.0,Yes,1.0,Mumbai,2018.0,17917.66
,777.0,2.0,3.0,Yes,1.0,Bangalore,1990.0,
4723737.0,673.0,2.0,2.0,Yes,0.0,Pune,1990.0,7018.93
6878194.0,930.0,4.0,4.0,No,0.0,Chennai,2025.0,7395.91
10805330.0,732.0,2.0,2.0,Yes,1.0,Mumbai,2025.0,14761.38
,679.0,2.0,2.0,Yes,1.0,Pune,1991.0,
8837178.0,1802.0,3.0,3.0,No,1.0,Kolkata,2001.0,4904.09
1634005.0,259.0,2.0,,Yes,1.0,Chennai,2015.0,6308.9
26867118.0,1405.0,3.0,3.0,,2.0,Mumbai,2015.0,19122.5
62449649.0,2873.0,5.0,5.0,Yes,1.0,Mumbai,2011.0,21736.74
4961276.0,700.0,1.0,2.0,,1.0,Bangalore,1987.0,7087.54
4095449.0,1133.0,3.0,3.0,No,1.0,Ahmedabad,1994.0,3614.69
2114013.0,460.0,2.0,2.0,Yes,0.0,Kolkata,1996.0,4595.68
5567973.0,1314.0,2.0,2.0,Yes,1.0,Kolkata,2025.0,4237.42
16186342.0,1575.0,4.0,5.0,Yes,2.0,Bangalore,1998.0,10277.04
17753715.0,1573.0,3.0,3.0,Yes,1.0,Delhi,2022.0,11286.53
13195640.0,2190.0,5.0,5.0,,1.0,Kolkata,,6025.41
6006746.0,947.0,3.0,4.0,No,1.0,Chennai,1995.0,6342.92
9402408.0,1142.0,2.0,2.0,No,1.0,Bangalore,1989.0,8233.28
6181845.0,935.0,3.0,3.0,Yes,1.0,Hyderabad,2004.0,6611.6
3123508.0,471.0,1.0,1.0,No,0.0,Delhi,1998.0,6631.65
20993294.0,2179.0,4.0,4.0,Yes,1.0,Bangalore,2004.0,9634.37
2052971.0,250.0,1.0,1.0,Yes,1.0,Delhi,2012.0,8211.88
18656679.0,892.0,3.0,4.0,Yes,3.0,Mumbai,2012.0,20915.56
9014518.0,760.0,3.0,4.0,Yes,1.0,Delhi,1994.0,11861.21
6845718.0,1110.0,3.0,4.0,Yes,1.0,Hyderabad,1995.0,6167.31
13459259.0,1416.0,3.0,4.0,Yes,1.0,Bangalore,2013.0,9505.13
2456304.0,367.0,1.0,1.0,No,1.0,Pune,2024.0,6692.93
1649935.0,250.0,,2.0,Yes,0.0,Pune,2002.0,6599.74
2845943.0,355.0,2.0,2.0,No,1.0,Bangalore,2001.0,8016.74
4813288.0,695.0,2.0,2.0,Yes,0.0,Bangalore,2015.0,6925.59
6480122.0,1157.0,2.0,2.0,Yes,2.0,Hyderabad,2012.0,5600.8
5034113.0,741.0,2.0,2.0,No,0.0,Pune,1993.0,6793.67
10907566.0,1356.0,2.0,2.0,No,0.0,Bangalore,2011.0,8043.93
11273096.0,1129.0,2.0,2.0,No,0.0,Delhi,2025.0,9985.03
10357481.0,1460.0,3.0,3.0,No,2.0,Chennai,2006.0,7094.17
8937829.0,1015.0,3.0,3.0,Yes,1.0,Delhi,2002.0,8805.74
,614.0,2.0,2.0,Yes,2.0,Bangalore,,
2522601.0,641.0,3.0,4.0,Yes,1.0,Ahmedabad,1967.0,3935.41
13340940.0,2869.0,5.0,6.0,Yes,1.0,Ahmedabad,1998.0,4650.03
13243750.0,892.0,2.0,2.0,No,2.0,Mumbai,2024.0,14847.25
2895050.0,520.0,2.0,3.0,No,0.0,Hyderabad,2025.0,5567.4
2641195.0,,2.0,2.0,Yes,0.0,Kolkata,2002.0,
11868553.0,1645.0,5.0,6.0,Yes,1.0,Chennai,2008.0,7214.93
8053092.0,1576.0,5.0,5.0,Yes,0.0,Ahmedabad,2003.0,5109.83
19714207.0,1671.0,3.0,3.0,Yes,2.0,Delhi,2017.0,11797.85
7277527.0,887.0,2.0,2.0,Yes,1.0,Delhi,1997.0,8204.65
5010425.0,842.0,2.0,2.0,,1.0,Chennai,2012.0,5950.62
3417147.0,,2.0,2.0,No,0.0,Bangalore,1992.0,
6393246.0,1105.0,3.0,3.0,Yes,2.0,Kolkata,2024.0,5785.74
75901030.0,3670.0,5.0,5.0,No,0.0,Mumbai,1998.0,20681.48
10669961.0,1278.0,2.0,2.0,Yes,1.0,Bangalore,2006.0,8348.95
12884693.0,2165.0,3.0,3.0,Yes,1.0,Hyderabad,2004.0,5951.36
17737773.0,1220.0,3.0,4.0,No,1.0,Mumbai,,14539.16
9528878.0,974.0,4.0,4.0,Yes,2.0,Pune,2025.0,9783.24
9095837.0,1204.0,2.0,,Yes,1.0,Pune,1989.0,7554.68
8655486.0,1283.0,3.0,3.0,Yes,2.0,Chennai,2010.0,6746.29
1448274.0,315.0,2.0,2.0,Yes,0.0,Kolkata,2024.0,4597.7
1608163.0,273.0,1.0,1.0,Yes,0.0,Pune,2001.0,5890.71
40578914.0,2598.0,3.0,3.0,No,1.0,Mumbai,2005.0,15619.29
8436659.0,623.0,2.0,2.0,No,1.0,Mumbai,1974.0,13541.99
1705584.0,285.0,1.0,2.0,Yes,0.0,Pune,2019.0,5984.51
5748913.0,424.0,2.0,2.0,Yes,1.0,Mumbai,1994.0,13558.76
19079861.0,2413.0,4.0,4.0,Yes,2.0,Chennai,2016.0,7907.11
7023759.0,488.0,1.0,2.0,No,1.0,Mumbai,2008.0,14392.95
3967952.0,670.0,2.0,2.0,No,1.0,Bangalore,1973.0,5922.32
5468174.0,1162.0,4.0,4.0,Yes,2.0,Ahmedabad,2001.0,4705.83
9532760.0,1508.0,4.0,5.0,Yes,1.0,Hyderabad,2000.0,6321.46
54736869.0,2304.0,5.0,6.0,Yes,3.0,Mumbai,2014.0,23757.32
1134215.0,250.0,1.0,1.0,No,1.0,Kolkata,2024.0,4536.86
6524731.0,967.0,4.0,4.0,No,1.0,Chennai,,6747.4
,250.0,2.0,3.0,No,0.0,Chennai,1978.0,
6607224.0,501.0,2.0,2.0,Yes,2.0,Mumbai,1992.0,13188.07
7068094.0,729.0,2.0,2.0,,0.0,Delhi,2017.0,9695.6
39038325.0,1852.0,4.0,4.0,Yes,1.0,Mumbai,2015.0,21079.01
7531452.0,1168.0,3.0,4.0,Yes,1.0,Chennai,2006.0,6448.16
1246787.0,,1.0,1.0,Yes,1.0,Chennai,2000.0,
5629261.0,853.0,2.0,2.0,No,1.0,Pune,2002.0,6599.37
2877346.0,250.0,2.0,3.0,No,0.0,Mumbai,1965.0,11509.38
1303667.0,379.0,,2.0,No,2.0,Ahmedabad,1988.0,3439.75
4231512.0,657.0,2.0,3.0,Yes,1.0,Pune,1977.0,6440.66
3243927.0,667.0,2.0,2.0,No,1.0,Hyderabad,2007.0,4863.46
2636189.0,603.0,2.0,3.0,Yes,1.0,Hyderabad,1973.0,4371.79
60728038.0,3353.0,4.0,4.0,Yes,1.0,Mumbai,2017.0,18111.55
1852556.0,404.0,1.0,1.0,No,2.0,Hyderabad,1998.0,4585.53
21237413.0,1880.0,5.0,,No,2.0,Bangalore,2013.0,11296.5
,691.0,1.0,2.0,Yes,1.0,Kolkata,1987.0,
4886392.0,916.0,4.0,4.0,No,3.0,Kolkata,2017.0,5334.49
13029184.0,778.0,,3.0,Yes,0.0,Mumbai,2023.0,16747.02
1809613.0,250.0,1.0,1.0,,0.0,Delhi,2001.0,7238.45
10769468.0,800.0,1.0,1.0,No,1.0,Mumbai,2024.0,13461.84
11008288.0,867.0,2.0,2.0,No,0.0,Mumbai,1979.0,12696.99
15924480.0,2001.0,4.0,5.0,No,1.0,Pune,2006.0,7958.26
7463597.0,931.0,3.0,3.0,No,3.0,Delhi,1975.0,8016.75
1875409.0,250.0,1.0,1.0,Yes,1.0,Bangalore,2003.0,7501.64
3801900.0,595.0,2.0,2.0,No,1.0,Pune,1987.0,6389.75
1936370.0,328.0,1.0,1.0,Yes,1.0,Pune,2018.0,5903.57
2346196.0,500.0,2.0,3.0,No,2.0,Hyderabad,1988.0,4692.39
8241466.0,1088.0,3.0,3.0,Yes,1.0,Pune,2025.0,7574.88
2733229.0,373.0,2.0,2.0,Yes,0.0,Pune,1991.0,7327.69
5902080.0,632.0,,2.0,No,1.0,Bangalore,2023.0,9338.73
2976820.0,573.0,2.0,2.0,No,1.0,Hyderabad,2025.0,5195.15
12243996.0,1146.0,4.0,4.0,Yes,1.0,Delhi,2023.0,10684.12
1821221.0,438.0,1.0,1.0,No,1.0,Hyderabad,1975.0,4158.04
1215548.0,258.0,1.0,1.0,No,0.0,Hyderabad,1995.0,4711.43
2971942.0,558.0,1.0,2.0,Yes,1.0,Hyderabad,2004.0,5326.06
13349239.0,1539.0,5.0,5.0,,2.0,Chennai,2010.0,8673.97
9079274.0,1127.0,3.0,3.0,Yes,2.0,Pune,2020.0,8056.14
7097418.0,1481.0,4.0,4.0,No,0.0,Ahmedabad,2001.0,4792.31
14561825.0,865.0,3.0,3.0,No,1.0,Mumbai,2025.0,16834.48
5299694.0,817.0,1.0,1.0,,1.0,Pune,2010.0,6486.77
3589623.0,585.0,1.0,1.0,No,1.0,Pune,1986.0,6136.11
5406735.0,695.0,2.0,2.0,No,1.0,Delhi,1988.0,7779.47
12767892.0,1514.0,4.0,4.0,No,3.0,Chennai,2012.0,8433.22
6681210.0,790.0,2.0,2.0,Yes,2.0,Bangalore,1994.0,8457.23
16117850.0,1735.0,4.0,4.0,Yes,2.0,Bangalore,2002.0,9289.83
13343557.0,959.0,3.0,3.0,Yes,1.0,Mumbai,,13914.03
12782659.0,2776.0,4.0,5.0,Yes,1.0,Ahmedabad,2006.0,4604.7
8317232.0,1527.0,5.0,5.0,No,2.0,Ahmedabad,2014.0,5446.78
7801484.0,965.0,3.0,3.0,No,1.0,Pune,2001.0,8084.44
7960407.0,1541.0,5.0,5.0,No,1.0,Kolkata,1998.0,5165.74
13624038.0,2023.0,3.0,3.0,No,3.0,Chennai,1996.0,6734.57
3228602.0,,3.0,4.0,No,2.0,Kolkata,2022.0,
3914894.0,502.0,2.0,3.0,No,1.0,Bangalore,1993.0,7798.59
21961813.0,1241.0,4.0,5.0,No,1.0,Mumbai,2003.0,17696.87
6235217.0,478.0,1.0,1.0,No,0.0,Mumbai,1989.0,13044.39
38180539.0,2114.0,5.0,5.0,No,1.0,Mumbai,2014.0,18060.8
28714451.0,2652.0,5.0,5.0,,2.0,Delhi,2007.0,10827.47
27233994.0,1951.0,5.0,5.0,Yes,0.0,Delhi,2007.0,13958.99
1850079.0,250.0,2.0,2.0,No,1.0,Pune,2019.0,7400.32
875564.0,250.0,1.0,2.0,,0.0,Kolkata,1968.0,3502.26
9907828.0,586.0,2.0,2.0,Yes,1.0,Mumbai,2025.0,16907.56
8669172.0,577.0,2.0,2.0,No,1.0,Mumbai,2003.0,15024.56
1854594.0,443.0,1.0,1.0,Yes,1.0,Kolkata,2019.0,4186.44
,867.0,2.0,3.0,Yes,1.0,Bangalore,1988.0,
3222240.0,531.0,2.0,3.0,Yes,0.0,Chennai,2017.0,6068.25
9803386.0,1268.0,4.0,4.0,Yes,1.0,Pune,1993.0,7731.38
3733176.0,852.0,2.0,2.0,Yes,1.0,Kolkata,2006.0,4381.66
12359924.0,790.0,2.0,2.0,Yes,1.0,Mumbai,2000.0,15645.47
3943431.0,282.0,1.0,1.0,No,2.0,Mumbai,2025.0,13983.8
2488541.0,456.0,1.0,1.0,No,2.0,Pune,1959.0,5457.33
7224692.0,1776.0,4.0,4.0,No,1.0,Ahmedabad,1994.0,4067.96
11752502.0,880.0,3.0,,No,,Mumbai,2008.0,13355.12
1372879.0,250.0,2.0,2.0,No,2.0,Chennai,1997.0,5491.52
2247765.0,512.0,2.0,2.0,No,0.0,Hyderabad,1975.0,4390.17
2334215.0,344.0,1.0,1.0,Yes,1.0,Pune,1996.0,6785.51
18003419.0,1584.0,4.0,4.0,Yes,1.0,Delhi,2025.0,11365.79
5836507.0,1333.0,2.0,3.0,No,2.0,Kolkata,1995.0,4378.47
1780931.0,250.0,1.0,1.0,No,1.0,Delhi,1966.0,7123.72
5807702.0,1063.0,3.0,3.0,,1.0,Chennai,2000.0,5463.5
4312404.0,482.0,2.0,3.0,Yes,1.0,Delhi,1971.0,8946.9
7067470.0,852.0,2.0,2.0,Yes,3.0,Pune,2008.0,8295.15
1740886.0,365.0,1.0,2.0,No,,Hyderabad,1996.0,4769.55
1716432.0,300.0,1.0,1.0,No,0.0,Pune,2004.0,5721.44
5419141.0,777.0,2.0,2.0,No,1.0,Pune,1983.0,6974.44
27158529.0,2995.0,,5.0,No,1.0,Pune,2012.0,9067.96
34296756.0,1931.0,4.0,4.0,Yes,1.0,Mumbai,2024.0,17761.14
22352556.0,2081.0,6.0,6.0,Yes,1.0,Pune,2014.0,10741.26
6320623.0,1044.0,3.0,4.0,No,3.0,Hyderabad,1988.0,6054.24
874188.0,280.0,1.0,,No,1.0,Kolkata,1977.0,3122.1
11767546.0,1664.0,5.0,5.0,No,1.0,Chennai,2003.0,7071.84
8479796.0,600.0,1.0,1.0,Yes,0.0,Mumbai,1994.0,14132.99
15228368.0,1646.0,3.0,3.0,No,2.0,Bangalore,2010.0,9251.74
14112640.0,1197.0,3.0,3.0,Yes,1.0,Delhi,2017.0,11790.01
3390878.0,560.0,,3.0,,1.0,Chennai,2012.0,6055.14
4239985.0,945.0,3.0,4.0,No,,Kolkata,1991.0,4486.76
3912018.0,657.0,3.0,3.0,No,0.0,Chennai,1988.0,5954.37
2806572.0,400.0,1.0,2.0,No,1.0,Delhi,2013.0,7016.43
3161721.0,250.0,2.0,,Yes,0.0,Mumbai,,12646.88
1371777.0,335.0,1.0,1.0,Yes,0.0,Kolkata,2007.0,4094.86
2055303.0,447.0,1.0,1.0,No,0.0,Chennai,1989.0,4597.99
8062861.0,992.0,2.0,2.0,Yes,,Bangalore,2003.0,8127.88
3785713.0,487.0,2.0,2.0,No,1.0,Delhi,1986.0,7773.54
17779771.0,2373.0,,5.0,No,,Hyderabad,2012.0,7492.53
7632912.0,978.0,4.0,4.0,No,0.0,Bangalore,1984.0,7804.61
5082019.0,1151.0,2.0,3.0,No,2.0,Ahmedabad,2014.0,4415.31
15193523.0,1804.0,4.0,4.0,Yes,3.0,Pune,2008.0,8422.13
,,4.0,5.0,Yes,0.0,Kolkata,1996.0,
17444495.0,1811.0,5.0,5.0,Yes,2.0,Pune,2003.0,9632.52
8998088.0,1105.0,,2.0,Yes,1.0,Pune,2003.0,8143.07
8258256.0,1284.0,4.0,5.0,Yes,1.0,Chennai,1990.0,6431.66
2169215.0,372.0,2.0,2.0,Yes,1.0,Chennai,1992.0,5831.22
6386722.0,1003.0,3.0,4.0,Yes,,Hyderabad,2006.0,6367.62
,333.0,1.0,1.0,No,1.0,Kolkata,2017.0,
9244531.0,963.0,3.0,3.0,No,2.0,Delhi,2014.0,9599.72
5482340.0,564.0,2.0,,No,2.0,Bangalore,2010.0,9720.46
4740721.0,621.0,3.0,3.0,No,0.0,Pune,2010.0,7634.01
4936903.0,,1.0,1.0,No,1.0,Mumbai,,
2595626.0,262.0,2.0,2.0,,1.0,Delhi,2004.0,9906.97
21228156.0,2846.0,5.0,5.0,Yes,1.0,Hyderabad,2001.0,7458.94
3574025.0,468.0,1.0,2.0,,2.0,Bangalore,2013.0,7636.81
1938220.0,250.0,2.0,2.0,No,2.0,Delhi,1988.0,7752.88
2202383.0,434.0,1.0,1.0,No,0.0,Hyderabad,2016.0,5074.62
4541165.0,948.0,3.0,3.0,Yes,1.0,Ahmedabad,2008.0,4790.26
7028880.0,1308.0,2.0,2.0,,1.0,Hyderabad,2005.0,5373.76
6214761.0,912.0,2.0,2.0,Yes,1.0,Pune,2008.0,6814.43
3142043.0,488.0,2.0,2.0,,1.0,Pune,1992.0,6438.61
3924468.0,736.0,3.0,4.0,No,1.0,Kolkata,2010.0,5332.16
1603955.0,250.0,2.0,3.0,No,1.0,Pune,2020.0,6415.82
2450729.0,665.0,3.0,3.0,No,1.0,Ahmedabad,1953.0,3685.31
9373303.0,786.0,2.0,3.0,No,2.0,Mumbai,1977.0,11925.32
8057328.0,948.0,,3.0,No,1.0,Pune,2012.0,8499.29
4302670.0,635.0,1.0,1.0,Yes,1.0,Pune,2025.0,6775.86
4367175.0,985.0,2.0,2.0,,2.0,Kolkata,2024.0,4433.68
7842581.0,968.0,3.0,3.0,Yes,1.0,Pune,2011.0,8101.84
8099622.0,649.0,1.0,1.0,No,1.0,Mumbai,1999.0,12480.16
13456984.0,2392.0,4.0,5.0,Yes,1.0,Kolkata,1996.0,5625.83
12819166.0,1787.0,4.0,4.0,Yes,2.0,Hyderabad,2010.0,7173.57
5653849.0,574.0,2.0,2.0,No,1.0,Delhi,2007.0,9849.91
5176349.0,822.0,1.0,1.0,Yes,1.0,Pune,1989.0,6297.26
5123050.0,744.0,1.0,1.0,,,Bangalore,1987.0,6885.82
12991553.0,1601.0,4.0,4.0,No,1.0,Bangalore,1996.0,8114.65
13857572.0,1450.0,3.0,4.0,No,2.0,Bangalore,2015.0,9556.95
6160981.0,888.0,2.0,2.0,No,1.0,Bangalore,2003.0,6938.04
6962579.0,828.0,2.0,2.0,No,1.0,Bangalore,2004.0,8408.91
3978971.0,921.0,4.0,4.0,Yes,3.0,Ahmedabad,2001.0,4320.27
2854043.0,362.0,2.0,2.0,No,1.0,Delhi,1989.0,7884.1
9850960.0,434.0,2.0,2.0,Yes,1.0,Mumbai,1973.0,22698.06
2495231.0,357.0,1.0,1.0,No,1.0,Delhi,1950.0,6989.44
13254153.0,1369.0,3.0,,Yes,2.0,Delhi,1998.0,9681.63
8504231.0,607.0,2.0,,Yes,0.0,Mumbai,2023.0,14010.27
1807490.0,250.0,1.0,1.0,No,2.0,Bangalore,2019.0,7229.96
44892175.0,1470.0,4.0,4.0,Yes,3.0,Bangalore,2008.0,30538.89
10107718.0,728.0,2.0,2.0,Yes,1.0,Mumbai,2010.0,13884.23
4468124.0,793.0,2.0,2.0,No,2.0,Chennai,2000.0,5634.46
11307418.0,656.0,3.0,3.0,Yes,2.0,Mumbai,1979.0,17236.92
11277214.0,1181.0,2.0,2.0,Yes,2.0,Delhi,2019.0,9548.87
1112646.0,250.0,2.0,2.0,No,2.0,Kolkata,1986.0,4450.58
11470418.0,711.0,1.0,1.0,Yes,1.0,Mumbai,2004.0,16132.8
14688045.0,1331.0,4.0,4.0,Yes,0.0,Delhi,2025.0,11035.35
18082073.0,2000.0,4.0,4.0,Yes,2.0,Bangalore,2006.0,9041.04
4666915.0,819.0,2.0,3.0,No,1.0,Hyderabad,2009.0,5698.31
12612950.0,1110.0,4.0,4.0,Yes,2.0,Delhi,2024.0,11363.02
12909027.0,918.0,2.0,2.0,Yes,3.0,Mumbai,2002.0,14062.12
15241145.0,1015.0,3.0,3.0,Yes,2.0,Mumbai,1996.0,15015.91
13388809.0,912.0,4.0,,,,Mumbai,,14680.71
12635739.0,1302.0,2.0,,Yes,1.0,Delhi,1999.0,9704.87
23701501.0,1828.0,6.0,6.0,Yes,0.0,Delhi,2004.0,12965.81
22863138.0,1181.0,2.0,,Yes,3.0,Mumbai,2014.0,19359.13
13072874.0,849.0,2.0,2.0,Yes,2.0,Mumbai,,15397.97
6834871.0,951.0,3.0,3.0,Yes,2.0,Chennai,2008.0,7187.04
4354181.0,524.0,3.0,3.0,No,2.0,Bangalore,1970.0,8309.51
15465249.0,1921.0,4.0,4.0,Yes,2.0,Chennai,2011.0,8050.62
22937762.0,,5.0,5.0,Yes,1.0,Delhi,2017.0,
2319772.0,391.0,1.0,1.0,Yes,1.0,Chennai,1994.0,5932.92
4163823.0,818.0,2.0,2.0,Yes,,Kolkata,2019.0,5090.25
884901.0,250.0,1.0,1.0,No,0.0,Ahmedabad,2011.0,3539.6
29476845.0,1690.0,4.0,4.0,Yes,1.0,Mumbai,2007.0,17441.92
8955222.0,603.0,2.0,2.0,Yes,,Mumbai,1989.0,14851.11
10752191.0,1330.0,3.0,,Yes,2.0,Pune,2001.0,8084.35
1022326.0,250.0,1.0,1.0,No,1.0,Ahmedabad,2011.0,4089.3
4283484.0,707.0,2.0,2.0,Yes,3.0,Hyderabad,1975.0,6058.68
3983442.0,544.0,2.0,2.0,No,1.0,Bangalore,,7322.5
7895964.0,811.0,3.0,4.0,No,2.0,Delhi,2000.0,9736.08
5506602.0,964.0,3.0,3.0,Yes,2.0,Hyderabad,1990.0,5712.24
4854547.0,896.0,2.0,2.0,No,1.0,Pune,2000.0,5418.02
2023785.0,250.0,1.0,1.0,No,1.0,Delhi,1982.0,8095.14
7185077.0,,2.0,2.0,No,3.0,Chennai,1997.0,
1229225.0,250.0,1.0,1.0,Yes,2.0,Kolkata,2007.0,4916.9
22600613.0,2374.0,5.0,6.0,No,2.0,Pune,2012.0,9520.06
2061808.0,363.0,2.0,2.0,No,0.0,Chennai,1980.0,5679.91
7990054.0,930.0,2.0,2.0,No,1.0,Chennai,1983.0,8591.46
2891935.0,449.0,1.0,1.0,,1.0,Delhi,1973.0,6440.84
3287508.0,534.0,2.0,2.0,Yes,,Chennai,2011.0,6156.38
7079408.0,884.0,2.0,2.0,Yes,1.0,Bangalore,1996.0,8008.38
20035035.0,2231.0,3.0,3.0,No,1.0,Delhi,2008.0,8980.29
19196870.0,1355.0,3.0,3.0,Yes,2.0,Mumbai,1974.0,14167.43
4845113.0,861.0,,3.0,Yes,1.0,Hyderabad,1990.0,5627.31
34764102.0,1669.0,6.0,6.0,No,0.0,Mumbai,2003.0,20829.3
12426737.0,1802.0,4.0,4.0,Yes,1.0,Hyderabad,2014.0,6896.08
4115507.0,535.0,2.0,2.0,No,1.0,Bangalore,2006.0,7692.54
2842050.0,478.0,2.0,2.0,No,1.0,Chennai,,5945.71
20266002.0,1107.0,4.0,4.0,Yes,1.0,Mumbai,2016.0,18307.14
5656895.0,778.0,2.0,2.0,No,3.0,Pune,2018.0,7271.07
3295475.0,805.0,1.0,1.0,Yes,1.0,Kolkata,1995.0,4093.76
2730657.0,436.0,2.0,2.0,No,1.0,Pune,2011.0,6262.97
13127525.0,2028.0,4.0,,Yes,2.0,Hyderabad,2011.0,6473.14
9558697.0,488.0,2.0,,No,1.0,Chennai,2001.0,19587.49
5143070.0,854.0,2.0,3.0,No,1.0,Chennai,2012.0,6022.33
3793959.0,801.0,2.0,2.0,Yes,2.0,Kolkata,1993.0,4736.53
72351274.0,1559.0,4.0,4.0,Yes,2.0,Mumbai,2011.0,46408.77
3181368.0,502.0,2.0,2.0,Yes,2.0,Pune,1969.0,6337.39
20077951.0,2088.0,4.0,4.0,No,2.0,Delhi,1997.0,9615.88
13145819.0,1389.0,,4.0,No,1.0,Bangalore,2016.0,9464.23
37378641.0,2077.0,4.0,4.0,No,3.0,Mumbai,2019.0,17996.46
22053926.0,1292.0,3.0,3.0,No,2.0,Mumbai,2016.0,17069.6
6002144.0,711.0,3.0,3.0,Yes,1.0,Delhi,1991.0,8441.83
16056276.0,1800.0,4.0,4.0,Yes,1.0,Bangalore,2001.0,8920.15
6576653.0,1124.0,3.0,3.0,Yes,2.0,Hyderabad,1991.0,5851.11
1581384.0,,1.0,1.0,Yes,2.0,Hyderabad,1983.0,
18456269.0,2345.0,3.0,3.0,Yes,1.0,Bangalore,1992.0,7870.48
3388277.0,709.0,,3.0,No,2.0,Hyderabad,1990.0,4778.95
1412105.0,250.0,2.0,2.0,No,2.0,Chennai,1975.0,5648.42
4099971.0,517.0,,2.0,,1.0,Chennai,,7930.31
2718215.0,664.0,1.0,1.0,No,1.0,Hyderabad,1998.0,4093.7
6334526.0,853.0,3.0,3.0,No,2.0,Pune,2014.0,7426.17
4441512.0,1026.0,3.0,3.0,Yes,1.0,Ahmedabad,2008.0,4328.96
1714063.0,,,1.0,No,1.0,Delhi,1960.0,
9087046.0,1259.0,3.0,3.0,No,3.0,Chennai,2025.0,7217.67
1408308.0,250.0,1.0,1.0,No,1.0,Chennai,1977.0,5633.23
2035884.0,492.0,1.0,1.0,No,0.0,Pune,1950.0,4137.98
1571656.0,455.0,1.0,1.0,No,1.0,Kolkata,2005.0,3454.19
24199219.0,2298.0,5.0,5.0,Yes,,Bangalore,2015.0,10530.56
3654562.0,429.0,2.0,2.0,Yes,0.0,Bangalore,2004.0,8518.79
15224245.0,2051.0,,4.0,No,1.0,Chennai,2005.0,7422.84
5587589.0,1169.0,3.0,3.0,Yes,2.0,Hyderabad,1989.0,4779.8
109437922.0,2053.0,6.0,6.0,Yes,1.0,Mumbai,2009.0,53306.34
6355755.0,730.0,3.0,3.0,Yes,1.0,Bangalore,2009.0,8706.51
11921214.0,1244.0,3.0,4.0,Yes,2.0,Delhi,2020.0,9582.97
5257910.0,545.0,2.0,2.0,No,0.0,Delhi,2017.0,9647.54
6734035.0,1325.0,2.0,2.0,Yes,1.0,Kolkata,2005.0,5082.29
50163715.0,2970.0,4.0,4.0,No,1.0,Mumbai,1989.0,16890.14
5037854.0,758.0,1.0,1.0,Yes,1.0,Chennai,2015.0,6646.25
14300453.0,985.0,3.0,4.0,No,1.0,Mumbai,2008.0,14518.23
4357263.0,,3.0,3.0,No,1.0,Kolkata,1993.0,
7325937.0,1303.0,2.0,2.0,Yes,1.0,Chennai,2008.0,5622.36
5150845.0,811.0,2.0,2.0,No,2.0,Chennai,2008.0,6351.23
14814035.0,1700.0,5.0,5.0,No,3.0,Bangalore,2013.0,8714.14
6480230.0,1156.0,3.0,3.0,No,1.0,Hyderabad,2009.0,5605.74
8647643.0,1057.0,,2.0,Yes,2.0,Bangalore,2015.0,8181.31
16020167.0,1613.0,5.0,6.0,Yes,2.0,Bangalore,2003.0,9931.91
10994367.0,2174.0,5.0,5.0,Yes,2.0,Kolkata,2006.0,5057.21
3205209.0,422.0,1.0,1.0,No,2.0,Delhi,1995.0,7595.28
1439588.0,254.0,2.0,2.0,Yes,0.0,Pune,1975.0,5667.67
10673844.0,1325.0,3.0,4.0,Yes,1.0,Pune,2013.0,8055.73
2182099.0,375.0,2.0,2.0,No,1.0,Chennai,1983.0,5818.93
6531236.0,933.0,3.0,4.0,Yes,2.0,Chennai,1982.0,7000.25
4497972.0,967.0,3.0,4.0,Yes,1.0,Kolkata,2001.0,4651.47
6924614.0,855.0,2.0,2.0,No,2.0,Bangalore,2025.0,8098.96
4181173.0,760.0,1.0,1.0,No,1.0,Chennai,2025.0,5501.54
6992103.0,831.0,2.0,2.0,Yes,2.0,Delhi,1990.0,8414.08
7744112.0,1087.0,3.0,3.0,Yes,2.0,Chennai,1996.0,7124.3
1848837.0,250.0,2.0,3.0,No,1.0,Pune,2009.0,7395.35
11550996.0,1936.0,4.0,4.0,No,2.0,Hyderabad,2005.0,5966.42
5683164.0,,,3.0,No,1.0,Bangalore,2000.0,
1169529.0,261.0,1.0,1.0,No,1.0,Chennai,1990.0,4480.95
21158979.0,1267.0,3.0,4.0,Yes,1.0,Mumbai,2005.0,16700.06
3023757.0,356.0,1.0,1.0,Yes,2.0,Delhi,2011.0,8493.7
9420805.0,1165.0,3.0,3.0,,0.0,Bangalore,2015.0,8086.53
1243680.0,386.0,1.0,1.0,No,0.0,Kolkata,1998.0,3221.97
2680923.0,441.0,1.0,1.0,No,2.0,Pune,1980.0,6079.19
18177581.0,732.0,3.0,3.0,Yes,,Chennai,1989.0,24832.76
10187100.0,1187.0,3.0,3.0,Yes,2.0,Delhi,1996.0,8582.22
4198022.0,518.0,3.0,3.0,,2.0,Bangalore,1993.0,8104.29
44586304.0,2735.0,3.0,3.0,No,2.0,Mumbai,2011.0,16302.12
25861432.0,1724.0,4.0,,Yes,0.0,Mumbai,2006.0,15000.83
18392640.0,1121.0,3.0,3.0,No,3.0,Bangalore,2012.0,16407.35
,533.0,2.0,2.0,No,2.0,Kolkata,1958.0,
7751698.0,552.0,2.0,2.0,No,1.0,Mumbai,2025.0,14042.93
10414117.0,949.0,4.0,4.0,Yes,1.0,Delhi,1986.0,10973.78
10723877.0,1804.0,3.0,3.0,No,2.0,Hyderabad,2003.0,5944.5
27590427.0,1811.0,5.0,,,2.0,Mumbai,2004.0,15234.91
2243184.0,310.0,1.0,2.0,No,1.0,Pune,1997.0,7236.08
8830827.0,999.0,3.0,4.0,Yes,2.0,Bangalore,1990.0,8839.67
11921774.0,737.0,2.0,2.0,No,3.0,Mumbai,2011.0,16176.08
4812581.0,664.0,2.0,2.0,No,1.0,Delhi,1999.0,7247.86
8786755.0,516.0,2.0,2.0,Yes,2.0,Mumbai,2002.0,17028.59
18070396.0,1097.0,3.0,3.0,No,1.0,Mumbai,2000.0,16472.56
9528232.0,1293.0,3.0,,Yes,1.0,Pune,1989.0,7369.09
4824330.0,539.0,2.0,2.0,Yes,2.0,Bangalore,2023.0,8950.52
11205301.0,1102.0,3.0,3.0,Yes,1.0,Delhi,1999.0,10168.15
52400407.0,2342.0,5.0,6.0,Yes,3.0,Mumbai,2008.0,22374.21
11287427.0,715.0,2.0,2.0,No,2.0,Mumbai,2008.0,15786.61
3085516.0,517.0,2.0,2.0,Yes,0.0,Chennai,,5968.12
11752981.0,850.0,2.0,2.0,No,1.0,Mumbai,2014.0,13827.04
6476537.0,513.0,2.0,2.0,No,1.0,Mumbai,1977.0,12624.83
45576497.0,2573.0,4.0,4.0,Yes,1.0,Mumbai,2020.0,17713.37
18296005.0,2212.0,5.0,5.0,No,1.0,Pune,2006.0,8271.25
3660452.0,888.0,3.0,3.0,No,2.0,Ahmedabad,2011.0,4122.13
6136198.0,554.0,3.0,3.0,Yes,2.0,Delhi,2008.0,11076.17
10198014.0,1355.0,3.0,3.0,No,2.0,Bangalore,2006.0,7526.21
32456974.0,2009.0,4.0,4.0,Yes,1.0,Mumbai,2004.0,16155.79
5390339.0,577.0,2.0,3.0,No,1.0,Delhi,2025.0,9342.01
12773242.0,1519.0,4.0,4.0,No,2.0,Kolkata,1994.0,8408.98
1055016.0,250.0,2.0,3.0,No,0.0,Kolkata,2021.0,4220.06
2063893.0,338.0,,2.0,No,0.0,Chennai,2002.0,6106.19
3689829.0,541.0,2.0,2.0,No,2.0,Bangalore,1995.0,6820.39
4945347.0,857.0,2.0,2.0,No,2.0,Hyderabad,1996.0,5770.53
10486033.0,960.0,3.0,3.0,Yes,2.0,Delhi,2000.0,10922.95
10266298.0,1512.0,4.0,5.0,Yes,1.0,Chennai,2010.0,6789.88
3447170.0,817.0,2.0,,Yes,1.0,Ahmedabad,1986.0,4219.3
8943122.0,1025.0,3.0,4.0,No,2.0,Bangalore,2018.0,8725.0
2095510.0,250.0,2.0,2.0,Yes,1.0,Bangalore,2025.0,8382.04
34951216.0,3548.0,4.0,4.0,No,1.0,Bangalore,2012.0,9850.96
2088120.0,316.0,2.0,2.0,Yes,1.0,Pune,1992.0,6607.97
19044757.0,1329.0,2.0,3.0,Yes,1.0,Mumbai,1986.0,14330.14
12766329.0,1376.0,2.0,2.0,Yes,2.0,Bangalore,2008.0,9277.86
6372356.0,427.0,1.0,1.0,No,2.0,Mumbai,2004.0,14923.55
30162670.0,2292.0,5.0,5.0,Yes,2.0,Chennai,1999.0,13159.98
3006219.0,369.0,1.0,1.0,Yes,0.0,Bangalore,1997.0,8146.93
8078029.0,,3.0,4.0,Yes,1.0,Pune,1996.0,
1188299.0,347.0,1.0,,No,1.0,Kolkata,1972.0,3424.49
3219228.0,515.0,3.0,4.0,No,0.0,Hyderabad,2025.0,6250.93
16074799.0,1763.0,4.0,4.0,No,2.0,Delhi,,9117.87
5156783.0,1307.0,2.0,2.0,Yes,1.0,Ahmedabad,2004.0,3945.51
1896157.0,358.0,1.0,1.0,No,,Chennai,2025.0,5296.53
10631648.0,1398.0,3.0,3.0,Yes,,Hyderabad,2025.0,7604.9
16786279.0,1938.0,5.0,5.0,Yes,2.0,Chennai,2011.0,8661.65
6652149.0,825.0,2.0,2.0,No,1.0,Bangalore,1985.0,8063.21
32126357.0,1775.0,4.0,4.0,No,2.0,Hyderabad,2013.0,18099.36
7968901.0,823.0,3.0,4.0,No,2.0,Delhi,2001.0,9682.75
8181966.0,1693.0,4.0,4.0,No,2.0,Kolkata,2024.0,4832.82
2938720.0,341.0,2.0,2.0,No,1.0,Delhi,2006.0,8617.95
10490171.0,1075.0,3.0,3.0,No,2.0,Bangalore,2004.0,9758.3
7501488.0,1720.0,4.0,5.0,No,0.0,Ahmedabad,2004.0,4361.33
3088210.0,264.0,1.0,1.0,No,,Mumbai,1974.0,11697.77
5297235.0,691.0,2.0,2.0,Yes,0.0,Pune,1994.0,7666.04
5220293.0,635.0,2.0,3.0,Yes,0.0,Delhi,2001.0,8220.93
1851097.0,250.0,2.0,2.0,No,0.0,Bangalore,2015.0,7404.39
10904131.0,824.0,,2.0,Yes,1.0,Mumbai,2003.0,13233.17
4302964.0,753.0,2.0,,No,2.0,Chennai,2021.0,5714.43
21380903.0,1879.0,4.0,5.0,,1.0,Delhi,2001.0,11378.87
,678.0,2.0,2.0,No,2.0,Pune,1985.0,
3109518.0,554.0,3.0,3.0,Yes,2.0,Kolkata,2024.0,5612.85
6989983.0,353.0,1.0,1.0,No,1.0,Bangalore,2025.0,19801.65
1893780.0,339.0,1.0,1.0,No,2.0,Chennai,2000.0,5586.37
5883077.0,550.0,3.0,3.0,Yes,2.0,Delhi,2011.0,10696.5
3203306.0,250.0,2.0,3.0,Yes,1.0,Mumbai,1999.0,12813.22
11843322.0,2196.0,3.0,3.0,Yes,1.0,Hyderabad,2012.0,5393.13
2726275.0,536.0,,2.0,Yes,1.0,Kolkata,2013.0,5086.33
5956227.0,838.0,2.0,3.0,,1.0,Pune,2014.0,7107.67
8987642.0,985.0,2.0,2.0,Yes,,Delhi,1992.0,9124.51
7231818.0,1183.0,3.0,3.0,Yes,2.0,Hyderabad,1996.0,6113.12
11357964.0,1345.0,3.0,3.0,Yes,0.0,Delhi,1994.0,8444.58
8287513.0,1059.0,2.0,2.0,No,1.0,Bangalore,2000.0,7825.79
17597566.0,1715.0,5.0,5.0,Yes,1.0,Bangalore,2008.0,10260.97
1682437.0,250.0,2.0,2.0,No,2.0,Pune,2006.0,6729.75
4473412.0,684.0,3.0,3.0,Yes,2.0,Chennai,1971.0,6540.08
10542433.0,1819.0,4.0,5.0,Yes,2.0,Kolkata,2006.0,5795.73
4984198.0,399.0,1.0,1.0,No,0.0,Mumbai,1990.0,12491.72
9033797.0,966.0,3.0,3.0,Yes,1.0,Bangalore,2000.0,9351.76
,763.0,2.0,2.0,Yes,,Bangalore,2004.0,
5081816.0,1003.0,4.0,4.0,Yes,1.0,Kolkata,1995.0,5066.62
4395256.0,686.0,,2.0,Yes,0.0,Bangalore,1974.0,6407.08
1882210.0,250.0,1.0,1.0,No,1.0,Bangalore,2019.0,7528.84
5767275.0,444.0,1.0,2.0,Yes,2.0,Mumbai,1983.0,12989.36
16992018.0,1754.0,5.0,5.0,Yes,1.0,Bangalore,2016.0,9687.58
20602549.0,1125.0,3.0,3.0,Yes,2.0,Mumbai,2023.0,18313.38
10227577.0,1006.0,3.0,3.0,Yes,1.0,Delhi,2009.0,10166.58
4083302.0,965.0,2.0,2.0,Yes,1.0,Kolkata,2008.0,4231.4
4103330.0,304.0,1.0,2.0,No,0.0,Mumbai,,13497.8
19384751.0,967.0,4.0,5.0,Yes,1.0,Mumbai,1996.0,20046.28
4470959.0,500.0,2.0,3.0,No,1.0,Delhi,1994.0,8941.92
1857511.0,250.0,1.0,1.0,No,2.0,Bangalore,2017.0,7430.04
3789856.0,457.0,,,No,1.0,Delhi,1956.0,8292.9
12623709.0,,4.0,,Yes,1.0,Chennai,2009.0,
46734923.0,,3.0,3.0,Yes,1.0,Mumbai,2007.0,
4281174.0,530.0,3.0,3.0,No,2.0,Delhi,1984.0,8077.69
15281753.0,942.0,4.0,5.0,No,1.0,Mumbai,1995.0,16222.67
17299895.0,1249.0,3.0,3.0,No,,Mumbai,2022.0,13851.0
22827206.0,1985.0,5.0,5.0,No,1.0,Delhi,2011.0,11499.85
2801718.0,430.0,,2.0,No,,Bangalore,1990.0,6515.62
4560050.0,392.0,1.0,1.0,No,0.0,Mumbai,1996.0,11632.78
13907518.0,1602.0,4.0,4.0,No,1.0,Bangalore,2004.0,8681.35
,667.0,2.0,2.0,No,1.0,Chennai,1959.0,
10980976.0,1131.0,,3.0,No,2.0,Delhi,2003.0,9709.09
8928579.0,913.0,3.0,3.0,No,1.0,Bangalore,2001.0,9779.39
13984937.0,1685.0,3.0,3.0,Yes,,Bangalore,,8299.67
13063017.0,1271.0,3.0,3.0,,2.0,Delhi,1994.0,10277.75
2916020.0,412.0,1.0,2.0,No,1.0,Delhi,1987.0,7077.72
6070561.0,728.0,3.0,3.0,Yes,1.0,Bangalore,2014.0,8338.68
2373961.0,268.0,2.0,2.0,,1.0,Delhi,1994.0,8858.06
6977576.0,1490.0,3.0,4.0,No,2.0,Ahmedabad,2019.0,4682.94
6730084.0,,2.0,2.0,Yes,1.0,Delhi,2023.0,
11842414.0,1680.0,3.0,3.0,No,1.0,Pune,2006.0,7049.06
16027570.0,1916.0,3.0,3.0,Yes,2.0,Pune,2011.0,8365.12
16663304.0,992.0,3.0,4.0,Yes,2.0,Mumbai,1981.0,16797.69
12788486.0,1333.0,3.0,4.0,No,1.0,Delhi,2014.0,9593.76
19833624.0,1344.0,2.0,2.0,Yes,3.0,Mumbai,1989.0,14757.16
10941663.0,1260.0,3.0,3.0,Yes,0.0,Bangalore,2013.0,8683.86
2376315.0,299.0,,2.0,Yes,0.0,Delhi,1984.0,7947.54
22848074.0,2633.0,4.0,4.0,Yes,3.0,Chennai,2011.0,8677.58
7365897.0,1421.0,2.0,2.0,Yes,2.0,Hyderabad,2015.0,5183.6
4464093.0,,2.0,2.0,Yes,1.0,Chennai,1999.0,
11999340.0,1223.0,3.0,3.0,Yes,2.0,Delhi,2014.0,9811.4
7023759.0,488.0,1.0,2.0,No,1.0,Mumbai,2008.0,14392.95
3949041.0,464.0,2.0,2.0,No,1.0,Bangalore,2025.0,8510.86
11433927.0,1320.0,3.0,4.0,No,2.0,Pune,2013.0,8662.07
8088213.0,1278.0,3.0,4.0,No,2.0,Chennai,2001.0,6328.81
6377585.0,,2.0,2.0,No,0.0,Bangalore,2025.0,
9292889.0,1399.0,3.0,3.0,Yes,2.0,Chennai,2025.0,6642.52
11314030.0,,5.0,5.0,Yes,1.0,Ahmedabad,2005.0,
5818252.0,1026.0,2.0,2.0,Yes,3.0,Chennai,1992.0,5670.81
12181907.0,1422.0,3.0,4.0,Yes,1.0,Bangalore,1990.0,8566.74
3885015.0,936.0,2.0,3.0,Yes,2.0,Ahmedabad,2002.0,4150.66
2250385.0,282.0,1.0,1.0,No,1.0,Delhi,2009.0,7980.09
7165747.0,882.0,3.0,3.0,No,0.0,Pune,2012.0,8124.43
3853948.0,718.0,3.0,3.0,Yes,2.0,Kolkata,2001.0,5367.62
16216765.0,1541.0,4.0,4.0,Yes,0.0,Bangalore,2024.0,10523.53
3884288.0,877.0,2.0,2.0,No,1.0,Hyderabad,1985.0,4429.06
2804148.0,250.0,1.0,1.0,No,1.0,Mumbai,1977.0,11216.59
6467691.0,651.0,3.0,3.0,,1.0,Bangalore,1989.0,9935.01
12645503.0,1361.0,3.0,3.0,Yes,1.0,Bangalore,1995.0,9291.33
7388687.0,1624.0,5.0,,No,2.0,Ahmedabad,2004.0,4549.68
34955479.0,2889.0,5.0,6.0,Yes,2.0,Bangalore,2011.0,12099.51
1504194.0,323.0,,1.0,No,0.0,Chennai,1981.0,4656.95
37027286.0,2020.0,3.0,3.0,No,1.0,Mumbai,2014.0,18330.34
8814621.0,1076.0,3.0,3.0,No,2.0,Delhi,1983.0,8192.03
7515248.0,503.0,2.0,3.0,No,1.0,Mumbai,1997.0,14940.85
3968495.0,,2.0,2.0,Yes,2.0,Kolkata,2007.0,
2275966.0,436.0,1.0,1.0,No,0.0,Chennai,,5220.11
2863827.0,418.0,1.0,1.0,No,1.0,Bangalore,1981.0,6851.26
2914895.0,475.0,2.0,2.0,No,2.0,Chennai,2007.0,6136.62
6525451.0,840.0,2.0,2.0,No,2.0,Bangalore,2004.0,7768.39
3513127.0,548.0,3.0,3.0,,1.0,Chennai,1988.0,6410.82
3447421.0,594.0,3.0,3.0,No,1.0,Hyderabad,1994.0,5803.74
18246348.0,1223.0,4.0,4.0,No,1.0,Mumbai,2002.0,14919.34
15104138.0,2287.0,4.0,4.0,Yes,1.0,Kolkata,,6604.35
8964985.0,599.0,1.0,2.0,No,0.0,Mumbai,2003.0,14966.59
8436093.0,1237.0,3.0,3.0,Yes,2.0,Hyderabad,2003.0,6819.8
17747033.0,2613.0,4.0,4.0,Yes,2.0,Hyderabad,,6791.82
,1570.0,3.0,3.0,Yes,3.0,Mumbai,2012.0,
6692265.0,834.0,1.0,1.0,,2.0,Bangalore,1995.0,8024.3
16547114.0,2251.0,4.0,4.0,Yes,1.0,Chennai,2013.0,7351.01
4234362.0,453.0,2.0,2.0,No,1.0,Pune,1997.0,9347.38
2326579.0,334.0,1.0,1.0,Yes,1.0,Bangalore,2002.0,6965.81
10084071.0,776.0,2.0,2.0,Yes,1.0,Mumbai,1983.0,12994.94
10429030.0,1721.0,3.0,3.0,No,3.0,Hyderabad,2007.0,6059.87
21320802.0,1409.0,,3.0,No,2.0,Mumbai,,15131.87
2275262.0,482.0,1.0,1.0,No,1.0,Chennai,1990.0,4720.46
,282.0,2.0,2.0,No,0.0,Ahmedabad,2008.0,
6299262.0,846.0,2.0,2.0,Yes,1.0,Bangalore,2005.0,7445.94
4012742.0,456.0,2.0,3.0,No,1.0,Delhi,,8799.87
18026839.0,,4.0,4.0,Yes,2.0,Pune,2015.0,
8243850.0,976.0,3.0,4.0,Yes,1.0,Pune,2011.0,8446.57
2930796.0,481.0,2.0,2.0,No,2.0,Pune,2017.0,6093.13
10634389.0,1028.0,3.0,4.0,Yes,1.0,Bangalore,2011.0,10344.74
5818333.0,861.0,2.0,3.0,Yes,1.0,Pune,1996.0,6757.65
23438164.0,1283.0,3.0,3.0,Yes,2.0,Mumbai,,18268.25
3151377.0,250.0,1.0,1.0,Yes,2.0,Mumbai,2008.0,12605.51
11670941.0,1140.0,3.0,3.0,Yes,2.0,Delhi,2005.0,10237.67
7134220.0,1012.0,4.0,4.0,Yes,2.0,Chennai,2025.0,7049.62
28628338.0,1573.0,4.0,4.0,No,1.0,Mumbai,,18199.83
8099005.0,1282.0,3.0,4.0,Yes,1.0,Hyderabad,2011.0,6317.48
7676047.0,1130.0,3.0,4.0,No,3.0,Chennai,2016.0,6792.96
10200762.0,1029.0,3.0,3.0,Yes,1.0,Delhi,1995.0,9913.28
,671.0,1.0,1.0,No,1.0,Delhi,2006.0,
35856655.0,1999.0,4.0,4.0,No,1.0,Mumbai,2006.0,17937.3
9171949.0,1232.0,3.0,4.0,Yes,3.0,Chennai,2025.0,7444.76
1169698.0,259.0,2.0,2.0,No,1.0,Kolkata,2014.0,4516.21
1331433.0,340.0,2.0,2.0,No,1.0,Kolkata,,3915.98
1174237.0,250.0,1.0,1.0,Yes,0.0,Hyderabad,2013.0,4696.95
,1072.0,4.0,4.0,No,1.0,Pune,2012.0,
8173555.0,750.0,1.0,1.0,No,2.0,Mumbai,1969.0,10898.07
38267434.0,2030.0,4.0,4.0,Yes,2.0,Mumbai,2001.0,18850.95
10823943.0,1394.0,4.0,4.0,Yes,1.0,Chennai,2025.0,7764.66
5268610.0,819.0,2.0,3.0,No,1.0,Pune,1984.0,6432.98
1393952.0,250.0,2.0,2.0,No,1.0,Chennai,2000.0,5575.81
1817732.0,313.0,1.0,1.0,No,1.0,Hyderabad,2025.0,5807.45
9280004.0,2274.0,3.0,3.0,Yes,3.0,Ahmedabad,1985.0,4080.92
9964334.0,708.0,2.0,2.0,Yes,3.0,Mumbai,1999.0,14073.92
19307063.0,1187.0,2.0,3.0,Yes,1.0,Mumbai,,16265.43
3945204.0,506.0,2.0,2.0,No,1.0,Delhi,1993.0,7796.85
12999952.0,2469.0,6.0,6.0,No,2.0,Ahmedabad,,5265.27
7413446.0,797.0,,2.0,Yes,1.0,Delhi,1984.0,9301.69
5850506.0,,2.0,2.0,Yes,1.0,Pune,2010.0,
15872713.0,1722.0,4.0,5.0,Yes,1.0,Bangalore,2017.0,9217.6
22631718.0,,3.0,3.0,No,2.0,Mumbai,2025.0,
3254151.0,721.0,2.0,2.0,Yes,1.0,Ahmedabad,2004.0,4513.39
35440278.0,1900.0,5.0,5.0,Yes,2.0,Mumbai,2011.0,18652.78
8155377.0,639.0,1.0,1.0,Yes,2.0,Kolkata,1973.0,12762.72
11338926.0,603.0,3.0,3.0,Yes,1.0,Mumbai,2015.0,18804.19
7972139.0,997.0,4.0,4.0,Yes,2.0,Pune,2005.0,7996.13
11898381.0,1094.0,2.0,3.0,Yes,0.0,Delhi,2014.0,10876.03
11496680.0,2423.0,3.0,3.0,Yes,2.0,Kolkata,,4744.81
8008950.0,934.0,3.0,3.0,No,2.0,Delhi,2009.0,8574.89
10583019.0,781.0,1.0,1.0,Yes,,Mumbai,1992.0,13550.6
3337756.0,617.0,2.0,3.0,Yes,2.0,Hyderabad,1991.0,5409.65
10984807.0,1155.0,2.0,3.0,Yes,1.0,Delhi,2009.0,9510.66
68700680.0,1270.0,,3.0,Yes,0.0,Mumbai,2016.0,54095.02
18927714.0,1802.0,5.0,6.0,Yes,1.0,Pune,2020.0,10503.73
3170630.0,349.0,1.0,1.0,Yes,1.0,Delhi,1992.0,9084.9
23278086.0,1429.0,2.0,2.0,Yes,2.0,Mumbai,2013.0,16289.77
6279962.0,959.0,3.0,3.0,No,1.0,Pune,1992.0,6548.45
62501359.0,1138.0,3.0,3.0,Yes,1.0,Mumbai,2003.0,54922.11
7803783.0,1605.0,3.0,4.0,No,2.0,Kolkata,2012.0,4862.17
29995565.0,2564.0,5.0,6.0,Yes,1.0,Bangalore,2019.0,11698.74
4665942.0,544.0,2.0,2.0,Yes,0.0,Bangalore,2025.0,8577.1
16309387.0,1161.0,3.0,3.0,Yes,1.0,Ahmedabad,1976.0,14047.71
1667547.0,332.0,1.0,1.0,No,1.0,Chennai,2005.0,5022.73
7059066.0,1044.0,3.0,3.0,No,,Pune,2022.0,6761.56
,613.0,2.0,2.0,Yes,1.0,Bangalore,1970.0,
18897880.0,1294.0,3.0,3.0,No,0.0,Mumbai,1992.0,14604.23
11985386.0,864.0,2.0,2.0,Yes,1.0,Mumbai,1995.0,13871.97
8884803.0,1337.0,3.0,3.0,Yes,0.0,Chennai,1996.0,6645.33
7791216.0,917.0,3.0,4.0,Yes,1.0,Bangalore,1998.0,8496.42
2960411.0,250.0,1.0,2.0,No,2.0,Mumbai,2013.0,11841.64
2752939.0,,1.0,1.0,No,2.0,Chennai,2020.0,
16781174.0,1938.0,4.0,,No,2.0,Bangalore,2007.0,8659.02
49727018.0,2497.0,5.0,6.0,Yes,2.0,Mumbai,,19914.7
9087293.0,1662.0,4.0,4.0,No,1.0,Kolkata,2008.0,5467.69
,634.0,1.0,1.0,Yes,0.0,Bangalore,1980.0,
19208917.0,1558.0,6.0,6.0,Yes,1.0,Delhi,2010.0,12329.22
3880138.0,612.0,2.0,3.0,Yes,2.0,Hyderabad,2005.0,6340.09
2643473.0,524.0,2.0,2.0,No,0.0,Hyderabad,1983.0,5044.8
15799338.0,2905.0,4.0,4.0,No,2.0,Kolkata,2007.0,5438.67
11649182.0,1434.0,3.0,4.0,No,3.0,Pune,2008.0,8123.56
2057091.0,405.0,1.0,1.0,No,1.0,Hyderabad,2013.0,5079.24
12753459.0,2711.0,4.0,5.0,Yes,1.0,Ahmedabad,,4704.34
5156696.0,853.0,2.0,2.0,No,2.0,Chennai,2006.0,6045.36
5288820.0,664.0,3.0,3.0,Yes,1.0,Pune,2011.0,7965.09
,377.0,,1.0,Yes,0.0,Mumbai,1992.0,
6385869.0,1179.0,2.0,2.0,No,3.0,Chennai,1987.0,5416.34
31927452.0,2217.0,5.0,5.0,,3.0,Delhi,2008.0,14401.2
22912894.0,2467.0,4.0,5.0,No,2.0,Bangalore,2006.0,9287.76
18886528.0,1305.0,2.0,2.0,No,1.0,Mumbai,,14472.44
9174440.0,888.0,2.0,2.0,No,3.0,Delhi,2025.0,10331.58
7427804.0,955.0,3.0,3.0,Yes,1.0,Bangalore,2004.0,7777.81
15260783.0,1381.0,4.0,5.0,Yes,3.0,Bangalore,2008.0,11050.53
2904070.0,291.0,2.0,2.0,Yes,,Delhi,2012.0,9979.62
4016955.0,,1.0,1.0,No,1.0,Chennai,2004.0,
11968996.0,767.0,3.0,3.0,No,1.0,Mumbai,2009.0,15604.95
11763466.0,1626.0,4.0,4.0,,1.0,Chennai,2002.0,7234.6
6681616.0,917.0,3.0,3.0,Yes,1.0,Pune,2005.0,7286.39
11895543.0,1092.0,3.0,3.0,Yes,1.0,Delhi,2019.0,10893.35
4500272.0,709.0,,1.0,Yes,2.0,Pune,1984.0,6347.35
11399546.0,1588.0,3.0,3.0,Yes,1.0,Chennai,1996.0,7178.56
3951242.0,526.0,2.0,2.0,Yes,1.0,Bangalore,1980.0,7511.87
5700338.0,762.0,2.0,2.0,Yes,1.0,Bangalore,2021.0,7480.76
11904931.0,1364.0,2.0,3.0,Yes,1.0,Pune,2005.0,8727.96
15637982.0,1517.0,4.0,4.0,,1.0,Bangalore,2011.0,10308.49
10040662.0,1258.0,3.0,3.0,Yes,2.0,Pune,2018.0,7981.45
3362617.0,250.0,2.0,2.0,No,1.0,Mumbai,2025.0,13450.47
10550203.0,1128.0,3.0,3.0,Yes,0.0,Pune,2011.0,9353.02
14617539.0,1363.0,4.0,4.0,Yes,2.0,Delhi,2008.0,10724.53
7463755.0,1274.0,3.0,,No,1.0,Chennai,1996.0,5858.52
11255849.0,,5.0,5.0,Yes,0.0,Kolkata,2015.0,
14739507.0,1269.0,2.0,3.0,No,1.0,Mumbai,1985.0,11615.06
4500260.0,909.0,4.0,4.0,Yes,3.0,Kolkata,1993.0,4950.78
20029565.0,1165.0,2.0,2.0,Yes,1.0,Mumbai,2017.0,17192.76
11337553.0,1193.0,2.0,2.0,Yes,1.0,Bangalore,2023.0,9503.4
6351810.0,506.0,1.0,1.0,No,2.0,Mumbai,1988.0,12552.98
9922803.0,1094.0,3.0,3.0,Yes,1.0,Bangalore,1997.0,9070.2
7433659.0,956.0,3.0,3.0,Yes,1.0,Bangalore,2010.0,7775.79
5797318.0,654.0,2.0,3.0,Yes,2.0,Delhi,,8864.4
3858323.0,724.0,2.0,2.0,No,1.0,Chennai,1997.0,5329.18
1677832.0,284.0,1.0,1.0,No,2.0,Bangalore,1989.0,5907.86
,1272.0,,2.0,No,0.0,Mumbai,1986.0,
18302443.0,959.0,3.0,3.0,,1.0,Kolkata,1994.0,19084.92
7434309.0,894.0,2.0,3.0,No,1.0,Delhi,2014.0,8315.78
16363082.0,1694.0,4.0,4.0,Yes,1.0,Bangalore,2006.0,9659.43
2989662.0,371.0,1.0,1.0,,0.0,Delhi,2004.0,8058.39
4282703.0,583.0,1.0,1.0,No,1.0,Bangalore,2017.0,7345.97
4827543.0,643.0,2.0,2.0,,0.0,Pune,2008.0,7507.84
7842581.0,968.0,3.0,3.0,Yes,1.0,Pune,2011.0,8101.84
9108035.0,1509.0,4.0,4.0,No,1.0,Hyderabad,2021.0,6035.81
17247229.0,943.0,3.0,3.0,,1.0,Mumbai,1993.0,18289.74
2339947.0,691.0,3.0,,Yes,0.0,Ahmedabad,1966.0,3386.32
10139501.0,996.0,3.0,3.0,Yes,,Delhi,1995.0,10180.22
5626354.0,840.0,2.0,2.0,No,1.0,Pune,2019.0,6698.04
25396813.0,2499.0,6.0,6.0,Yes,1.0,Pune,1997.0,10162.79
11650971.0,1356.0,3.0,3.0,Yes,,Delhi,2015.0,8592.16
11019550.0,625.0,3.0,3.0,Yes,0.0,Mumbai,2011.0,17631.28
36948286.0,1852.0,4.0,4.0,Yes,2.0,Mumbai,2012.0,19950.48
10011022.0,1259.0,2.0,2.0,No,1.0,Bangalore,2003.0,7951.57
7307679.0,1185.0,,3.0,Yes,3.0,Chennai,2010.0,6166.82
987255.0,255.0,1.0,2.0,No,2.0,Kolkata,1997.0,3871.59
1950028.0,615.0,3.0,3.0,No,1.0,Ahmedabad,1998.0,3170.78
9872188.0,1141.0,3.0,3.0,Yes,1.0,Pune,2004.0,8652.22
8811380.0,995.0,,2.0,No,2.0,Delhi,1997.0,8855.66
35084876.0,2087.0,4.0,5.0,Yes,1.0,Mumbai,1996.0,16811.15
3407887.0,250.0,1.0,1.0,,0.0,Mumbai,1984.0,13631.55
2019109.0,294.0,2.0,2.0,Yes,2.0,Chennai,2008.0,6867.72
3402583.0,250.0,1.0,2.0,No,0.0,Mumbai,2000.0,13610.33
30335907.0,1549.0,5.0,5.0,Yes,2.0,Mumbai,2019.0,19584.19
6816426.0,511.0,2.0,2.0,No,1.0,Mumbai,1993.0,13339.39
2323257.0,505.0,2.0,2.0,Yes,1.0,Hyderabad,1953.0,4600.51
1746727.0,250.0,1.0,2.0,Yes,1.0,Pune,2010.0,6986.91
7298489.0,607.0,2.0,2.0,No,0.0,Mumbai,1990.0,12023.87
24011637.0,2227.0,5.0,5.0,Yes,1.0,Bangalore,2007.0,10782.06
8181198.0,1199.0,3.0,3.0,Yes,1.0,Chennai,1996.0,6823.35
,1544.0,4.0,4.0,Yes,2.0,Delhi,2007.0,
1589748.0,,2.0,2.0,No,1.0,Hyderabad,2003.0,
7640174.0,,2.0,2.0,Yes,1.0,Bangalore,1999.0,
33865471.0,2309.0,4.0,4.0,Yes,0.0,Mumbai,2010.0,14666.73
6646182.0,1498.0,2.0,2.0,,2.0,Chennai,1976.0,4436.7
13540875.0,2191.0,4.0,5.0,No,2.0,Pune,2014.0,6180.23
3316123.0,250.0,1.0,1.0,No,0.0,Mumbai,1990.0,13264.49
19382325.0,1232.0,4.0,4.0,No,0.0,Mumbai,2000.0,15732.41
5725000.0,424.0,1.0,1.0,,,Mumbai,1994.0,13502.36
9801333.0,1138.0,2.0,3.0,No,1.0,Delhi,1982.0,8612.77
4134556.0,591.0,3.0,3.0,Yes,1.0,Pune,1980.0,6995.86
6061502.0,1305.0,2.0,2.0,No,2.0,Kolkata,2021.0,4644.83
8284772.0,968.0,4.0,5.0,Yes,1.0,Pune,2002.0,8558.65
6287250.0,489.0,1.0,1.0,Yes,0.0,Mumbai,1987.0,12857.36
6630230.0,1130.0,3.0,4.0,No,2.0,Chennai,2007.0,5867.46
2393513.0,444.0,1.0,2.0,No,1.0,Hyderabad,2025.0,5390.8
23675269.0,1116.0,4.0,5.0,No,2.0,Mumbai,,21214.4
7422883.0,795.0,3.0,4.0,Yes,1.0,Delhi,1991.0,9336.96
25742282.0,3599.0,3.0,3.0,No,1.0,Pune,2018.0,7152.62
7135960.0,904.0,3.0,3.0,No,1.0,Bangalore,2003.0,7893.76
3250139.0,250.0,1.0,,No,0.0,Mumbai,2003.0,13000.56
1931623.0,289.0,2.0,2.0,No,1.0,Delhi,1956.0,6683.82
3352746.0,495.0,1.0,1.0,Yes,1.0,Bangalore,1978.0,6773.22
2670579.0,451.0,1.0,1.0,Yes,2.0,Hyderabad,2011.0,5921.46
2092405.0,457.0,1.0,1.0,Yes,0.0,Kolkata,2025.0,4578.57
9985167.0,,3.0,3.0,Yes,1.0,Bangalore,2025.0,
3477371.0,518.0,,3.0,Yes,1.0,Chennai,1999.0,6713.07
8206749.0,560.0,2.0,2.0,No,0.0,Mumbai,,14654.91
7908346.0,857.0,2.0,2.0,Yes,2.0,Delhi,2012.0,9227.94
14692910.0,958.0,4.0,5.0,No,1.0,Mumbai,2010.0,15337.07
10966962.0,1197.0,3.0,3.0,,1.0,Pune,,9162.04
2335813.0,547.0,2.0,2.0,Yes,0.0,Ahmedabad,2011.0,4270.22
16332148.0,875.0,2.0,2.0,Yes,1.0,Chennai,2002.0,18665.31
12037387.0,1594.0,4.0,4.0,Yes,1.0,Chennai,2008.0,7551.69
3557190.0,769.0,2.0,2.0,Yes,1.0,Kolkata,1997.0,4625.73
8023829.0,1153.0,3.0,3.0,Yes,0.0,Pune,2025.0,6959.09
2760504.0,576.0,2.0,2.0,No,1.0,Hyderabad,1956.0,4792.54
2150107.0,250.0,1.0,2.0,Yes,,Bangalore,2025.0,8600.43
7059291.0,1193.0,4.0,4.0,,1.0,Kolkata,1989.0,5917.26
1171455.0,269.0,1.0,1.0,No,1.0,Hyderabad,1980.0,4354.85
