order_id,customer_id,order_datetime,payment_method,order_status,shipping_city,shipping_state,shipping_pincode,order_total
1,326,2025-03-09 14:44:00,COD,DELIVERED,Delhi,Delhi,848534,34677.49
2,214,2024-06-15 04:32:00,UPI,DELIVERED,Bengaluru,Karnataka,364268,2309.37
3,67,2025-06-09 16:07:00,Debit Card,DELIVERED,Patna,Bihar,690607,6877.02
4,17,2024-06-09 17:23:00,COD,CONFIRMED,Delhi,Delhi,463589,1529.48
5,210,2024-04-22 03:23:00,Credit Card,PLACED,Kochi,Kerala,753052,5395.26
6,79,2024-04-30 11:19:00,Wallet,SHIPPED,Hyderabad,Telangana,729906,1778.80
7,249,2024-01-29 04:09:00,NetBanking,DELIVERED,Hyderabad,Telangana,533133,4319.64
8,157,2024-10-17 06:11:00,NetBanking,DELIVERED,Chandigarh,Chandigarh,642202,103217.16
9,63,2025-07-14 11:04:00,COD,DELIVERED,Surat,Gujarat,144034,93441.08
10,294,2024-11-13 18:28:00,COD,DELIVERED,Pune,Maharashtra,326549,5082.12
11,244,2024-05-15 04:32:00,Debit Card,DELIVERED,Lucknow,Uttar Pradesh,222310,4264.48
12,342,2025-04-04 04:55:00,Debit Card,CONFIRMED,Chennai,Tamil Nadu,893640,11403.31
13,320,2025-02-23 12:14:00,COD,SHIPPED,Chandigarh,Chandigarh,835491,56703.11
14,24,2025-03-29 23:17:00,Debit Card,RETURN_REQUESTED,Bhopal,Madhya Pradesh,698675,4781.33
15,13,2025-08-08 20:50:00,NetBanking,SHIPPED,Noida,Uttar Pradesh,164559,4731.36
16,331,2024-05-06 20:35:00,UPI,RETURNED,Mumbai,Maharashtra,797024,4693.91
17,278,2025-08-13 01:36:00,Credit Card,DELIVERED,Visakhapatnam,Andhra Pradesh,217997,303.68
18,258,2024-01-20 03:42:00,COD,SHIPPED,Noida,Uttar Pradesh,143746,10117.81
19,10,2024-10-08 06:15:00,NetBanking,CANCELLED,Visakhapatnam,Andhra Pradesh,207811,2244.48
20,297,2025-03-30 02:51:00,Credit Card,SHIPPED,Mumbai,Maharashtra,407832,3090.21
21,302,2024-02-16 15:55:00,COD,SHIPPED,Indore,Madhya Pradesh,470870,20882.34
22,93,2025-02-28 00:55:00,Credit Card,DELIVERED,Kolkata,West Bengal,561252,11875.73
23,47,2024-04-27 03:34:00,UPI,CONFIRMED,Ahmedabad,Gujarat,864684,9708.74
24,131,2024-04-01 04:19:00,Wallet,DELIVERED,Chandigarh,Chandigarh,337228,5793.02
25,31,2024-11-29 05:01:00,Debit Card,SHIPPED,Patna,Bihar,532924,4001.47
26,51,2024-11-23 04:26:00,COD,SHIPPED,Hyderabad,Telangana,121372,840.49
27,62,2024-02-23 06:15:00,NetBanking,DELIVERED,Kochi,Kerala,790297,13711.16
28,253,2025-06-04 16:24:00,COD,SHIPPED,Kolkata,West Bengal,818461,11121.34
29,163,2025-04-20 17:26:00,UPI,PLACED,Hyderabad,Telangana,382990,5332.08
30,325,2024-08-27 00:17:00,Credit Card,DELIVERED,Noida,Uttar Pradesh,198148,4080.65
31,52,2024-09-09 17:41:00,NetBanking,SHIPPED,Ahmedabad,Gujarat,219340,5447.33
32,209,2025-04-01 02:54:00,Debit Card,SHIPPED,Chennai,Tamil Nadu,128541,33480.13
33,73,2025-01-17 17:10:00,NetBanking,DELIVERED,Ahmedabad,Gujarat,286712,61852.29
34,217,2025-07-22 14:02:00,UPI,DELIVERED,Patna,Bihar,237278,1519.56
35,318,2024-10-23 20:10:00,UPI,RETURNED,Ahmedabad,Gujarat,175012,647.60
36,247,2024-10-06 19:16:00,NetBanking,DELIVERED,Delhi,Delhi,457569,4566.60
37,180,2024-08-05 18:53:00,Credit Card,PLACED,Bengaluru,Karnataka,520888,3627.44
38,274,2025-07-30 02:19:00,UPI,DELIVERED,Nagpur,Maharashtra,853516,2719.56
39,72,2025-07-23 08:56:00,Credit Card,DELIVERED,Nagpur,Maharashtra,227291,3745.19
40,163,2024-12-16 20:16:00,Wallet,DELIVERED,Hyderabad,Telangana,382990,8594.03
41,140,2024-09-08 21:20:00,UPI,DELIVERED,Lucknow,Uttar Pradesh,353686,7815.86
42,307,2024-12-02 00:58:00,Debit Card,DELIVERED,Lucknow,Uttar Pradesh,311954,35219.60
43,2,2025-05-02 00:57:00,UPI,SHIPPED,Pune,Maharashtra,859358,5186.30
44,285,2025-05-15 12:34:00,UPI,RETURN_REQUESTED,Mumbai,Maharashtra,768598,20207.82
45,334,2024-03-20 17:01:00,COD,CANCELLED,Indore,Madhya Pradesh,540573,5992.04
46,228,2024-05-06 11:52:00,UPI,DELIVERED,Indore,Madhya Pradesh,856472,30187.83
47,199,2024-06-30 22:00:00,UPI,DELIVERED,Gurugram,Haryana,690810,2559.44
48,99,2025-03-31 00:14:00,Debit Card,DELIVERED,Hyderabad,Telangana,566013,2306.91
49,349,2025-01-01 06:05:00,NetBanking,DELIVERED,Ahmedabad,Gujarat,779963,34485.28
50,114,2024-08-27 15:23:00,UPI,DELIVERED,Nagpur,Maharashtra,289296,6965.47
51,311,2024-08-02 00:12:00,Wallet,DELIVERED,Chennai,Tamil Nadu,782894,303.68
52,57,2024-10-11 18:32:00,Credit Card,DELIVERED,Patna,Bihar,707867,1725.60
53,338,2025-08-02 21:43:00,Debit Card,SHIPPED,Bengaluru,Karnataka,647536,2308.44
54,302,2024-05-11 23:04:00,UPI,RETURNED,Indore,Madhya Pradesh,470870,5036.19
55,117,2025-06-19 23:50:00,UPI,CANCELLED,Nagpur,Maharashtra,373103,23905.53
56,12,2025-06-29 19:16:00,Debit Card,RETURN_REQUESTED,Nagpur,Maharashtra,520703,680.14
57,2,2025-03-13 20:43:00,COD,CONFIRMED,Pune,Maharashtra,859358,20959.85
58,166,2025-03-18 13:17:00,UPI,DELIVERED,Jaipur,Rajasthan,212877,8478.97
59,254,2025-01-05 16:48:00,UPI,DELIVERED,Chennai,Tamil Nadu,399843,27017.44
60,25,2024-10-11 13:34:00,Credit Card,PLACED,Pune,Maharashtra,423512,13473.34
61,100,2024-12-08 02:56:00,Credit Card,PLACED,Lucknow,Uttar Pradesh,878876,6170.02
62,116,2025-03-09 02:58:00,UPI,SHIPPED,Nagpur,Maharashtra,793674,11580.06
63,160,2024-03-05 20:40:00,UPI,DELIVERED,Gurugram,Haryana,810120,1782.01
64,13,2024-12-08 08:15:00,UPI,SHIPPED,Noida,Uttar Pradesh,164559,9766.39
65,175,2024-02-25 10:33:00,NetBanking,RETURNED,Delhi,Delhi,744057,7051.32
66,308,2025-03-25 03:40:00,Credit Card,CONFIRMED,Gurugram,Haryana,399195,16123.01
67,32,2024-02-04 12:20:00,COD,DELIVERED,Kochi,Kerala,151245,12645.08
68,66,2024-03-04 14:03:00,UPI,DELIVERED,Kochi,Kerala,132690,3657.01
69,34,2024-04-14 21:03:00,Credit Card,SHIPPED,Gurugram,Haryana,610529,11328.29
70,196,2025-02-15 03:39:00,NetBanking,SHIPPED,Noida,Uttar Pradesh,162626,5539.87
71,307,2024-01-11 14:24:00,Credit Card,DELIVERED,Lucknow,Uttar Pradesh,311954,11217.17
72,318,2024-04-13 10:41:00,COD,DELIVERED,Ahmedabad,Gujarat,175012,15447.06
73,233,2025-06-13 10:37:00,UPI,CONFIRMED,Hyderabad,Telangana,553295,726.36
74,305,2024-03-10 18:50:00,NetBanking,RETURNED,Patna,Bihar,129513,12237.29
75,65,2025-06-05 08:22:00,Credit Card,DELIVERED,Hyderabad,Telangana,217477,2872.91
76,228,2024-07-09 07:08:00,NetBanking,CONFIRMED,Indore,Madhya Pradesh,856472,4540.27
77,160,2025-08-21 13:32:00,Wallet,DELIVERED,Gurugram,Haryana,810120,22287.28
78,160,2025-08-20 17:49:00,UPI,DELIVERED,Gurugram,Haryana,810120,1689.86
79,309,2024-12-17 09:23:00,Wallet,DELIVERED,Lucknow,Uttar Pradesh,891534,1361.94
80,337,2024-05-28 01:15:00,Credit Card,CANCELLED,Ahmedabad,Gujarat,396874,1138.51
81,28,2025-03-08 11:12:00,Wallet,DELIVERED,Delhi,Delhi,193676,52448.06
82,104,2024-03-11 10:12:00,Debit Card,DELIVERED,Nagpur,Maharashtra,441187,6240.50
83,240,2024-12-05 18:36:00,Wallet,DELIVERED,Bhopal,Madhya Pradesh,684683,319.66
84,215,2024-12-02 05:06:00,Credit Card,DELIVERED,Kochi,Kerala,755700,15058.07
85,22,2025-05-22 07:58:00,UPI,SHIPPED,Mumbai,Maharashtra,362660,946.47
86,118,2025-04-22 19:13:00,UPI,DELIVERED,Chennai,Tamil Nadu,123099,1737.54
87,170,2025-01-19 06:25:00,UPI,RETURNED,Nagpur,Maharashtra,655264,7199.63
88,186,2024-01-11 02:22:00,UPI,CONFIRMED,Indore,Madhya Pradesh,403675,1787.70
89,149,2025-03-26 06:40:00,Credit Card,DELIVERED,Pune,Maharashtra,418366,3352.77
90,23,2024-01-31 06:12:00,UPI,SHIPPED,Lucknow,Uttar Pradesh,742607,17422.06
91,135,2024-06-27 10:54:00,Credit Card,SHIPPED,Jaipur,Rajasthan,204126,1359.54
92,12,2024-06-29 08:58:00,UPI,CANCELLED,Nagpur,Maharashtra,520703,753.00
93,71,2025-01-23 20:50:00,COD,SHIPPED,Pune,Maharashtra,891654,2150.64
94,108,2024-11-08 14:15:00,UPI,DELIVERED,Patna,Bihar,448390,102065.60
95,88,2025-06-23 19:56:00,Credit Card,DELIVERED,Pune,Maharashtra,858620,50121.59
96,61,2024-05-27 04:50:00,UPI,DELIVERED,Nagpur,Maharashtra,281700,11717.64
97,192,2024-11-21 19:27:00,Wallet,SHIPPED,Nagpur,Maharashtra,497675,23517.59
98,24,2024-07-12 17:18:00,NetBanking,SHIPPED,Bhopal,Madhya Pradesh,698675,1056.34
99,28,2024-10-13 04:54:00,Credit Card,DELIVERED,Delhi,Delhi,193676,7032.90
100,251,2024-08-02 23:05:00,NetBanking,DELIVERED,Chandigarh,Chandigarh,568949,11265.85
101,315,2024-03-07 05:32:00,UPI,RETURN_REQUESTED,Chennai,Tamil Nadu,375133,365.34
102,261,2025-01-18 15:33:00,Credit Card,SHIPPED,Chandigarh,Chandigarh,534220,8995.79
103,192,2025-06-22 22:30:00,Debit Card,DELIVERED,Nagpur,Maharashtra,497675,24181.25
104,138,2025-08-18 12:40:00,COD,DELIVERED,Gurugram,Haryana,177232,29898.27
105,19,2024-07-31 07:57:00,UPI,RETURN_REQUESTED,Patna,Bihar,768308,3590.69
106,203,2024-08-11 09:27:00,COD,DELIVERED,Jaipur,Rajasthan,772028,7799.63
107,192,2024-09-17 17:05:00,UPI,CONFIRMED,Nagpur,Maharashtra,497675,2839.41
108,228,2025-06-15 11:14:00,Credit Card,DELIVERED,Indore,Madhya Pradesh,856472,1858.87
109,319,2024-12-10 13:28:00,Credit Card,DELIVERED,Mumbai,Maharashtra,638765,47819.75
110,255,2024-11-20 08:24:00,UPI,DELIVERED,Nagpur,Maharashtra,154809,11626.35
111,136,2024-03-18 11:57:00,UPI,CANCELLED,Surat,Gujarat,338866,4454.17
112,263,2025-07-13 20:05:00,NetBanking,RETURNED,Patna,Bihar,520357,6749.13
113,51,2024-05-01 02:23:00,UPI,SHIPPED,Hyderabad,Telangana,121372,319.66
114,101,2024-12-03 08:19:00,Debit Card,DELIVERED,Patna,Bihar,267484,21194.67
115,141,2024-07-14 22:38:00,Wallet,RETURNED,Bhopal,Madhya Pradesh,371957,7841.24
116,279,2024-09-24 00:49:00,UPI,CANCELLED,Noida,Uttar Pradesh,145474,5809.66
117,207,2025-02-19 18:48:00,Debit Card,DELIVERED,Noida,Uttar Pradesh,845642,8748.34
118,263,2024-06-01 12:14:00,UPI,DELIVERED,Patna,Bihar,520357,18360.34
119,243,2024-08-27 16:37:00,NetBanking,DELIVERED,Hyderabad,Telangana,282660,63701.33
120,237,2024-12-14 02:20:00,NetBanking,DELIVERED,Visakhapatnam,Andhra Pradesh,411063,10122.94
121,214,2024-08-02 14:28:00,COD,PLACED,Bengaluru,Karnataka,364268,4869.66
122,72,2025-08-14 04:19:00,COD,PLACED,Nagpur,Maharashtra,227291,4582.53
123,338,2024-12-29 10:14:00,Credit Card,DELIVERED,Bengaluru,Karnataka,647536,12055.53
124,207,2025-07-04 09:20:00,Credit Card,DELIVERED,Noida,Uttar Pradesh,845642,54910.76
125,17,2024-05-22 04:21:00,Credit Card,DELIVERED,Delhi,Delhi,463589,7714.28
126,312,2025-08-10 12:24:00,UPI,DELIVERED,Chandigarh,Chandigarh,545771,12371.70
127,274,2025-01-30 06:30:00,UPI,DELIVERED,Nagpur,Maharashtra,853516,2352.03
128,232,2024-11-07 02:10:00,UPI,DELIVERED,Nagpur,Maharashtra,446336,3023.97
129,17,2025-05-15 00:11:00,UPI,RETURNED,Delhi,Delhi,463589,5525.37
130,198,2024-10-17 06:14:00,UPI,DELIVERED,Nagpur,Maharashtra,562938,11378.57
131,233,2024-02-28 11:33:00,UPI,SHIPPED,Hyderabad,Telangana,553295,14033.66
132,211,2025-02-04 05:07:00,UPI,DELIVERED,Nagpur,Maharashtra,151066,1519.55
133,36,2025-02-02 06:08:00,COD,SHIPPED,Ahmedabad,Gujarat,167922,10122.54
134,341,2025-05-01 05:38:00,Credit Card,SHIPPED,Kochi,Kerala,222982,4157.50
135,104,2025-05-29 22:43:00,Credit Card,SHIPPED,Nagpur,Maharashtra,441187,9292.53
136,74,2025-04-01 02:52:00,UPI,CANCELLED,Chennai,Tamil Nadu,521266,8347.15
137,270,2024-12-02 18:56:00,Credit Card,DELIVERED,Bhopal,Madhya Pradesh,297418,13362.75
138,21,2024-04-03 09:41:00,COD,DELIVERED,Bhopal,Madhya Pradesh,449696,26926.13
139,153,2025-02-04 19:52:00,NetBanking,SHIPPED,Gurugram,Haryana,686907,3752.40
140,128,2024-07-02 19:46:00,Credit Card,DELIVERED,Chennai,Tamil Nadu,868941,10730.32
141,338,2024-07-06 22:36:00,UPI,DELIVERED,Bengaluru,Karnataka,647536,1551.95
142,23,2024-09-02 05:17:00,COD,DELIVERED,Lucknow,Uttar Pradesh,742607,9547.98
143,342,2024-03-09 22:46:00,Debit Card,SHIPPED,Chennai,Tamil Nadu,893640,4971.94
144,253,2025-02-25 17:07:00,Wallet,CONFIRMED,Kolkata,West Bengal,818461,47355.05
145,54,2025-05-31 10:26:00,Credit Card,SHIPPED,Indore,Madhya Pradesh,172150,53939.99
146,260,2024-02-15 14:01:00,UPI,DELIVERED,Pune,Maharashtra,312665,8148.62
147,237,2025-01-25 10:47:00,UPI,SHIPPED,Visakhapatnam,Andhra Pradesh,411063,554.39
148,20,2024-01-11 08:07:00,Debit Card,CONFIRMED,Jaipur,Rajasthan,709577,1699.42
149,344,2025-04-20 15:29:00,UPI,DELIVERED,Chandigarh,Chandigarh,349234,4065.45
150,125,2025-03-24 04:30:00,NetBanking,CANCELLED,Lucknow,Uttar Pradesh,792416,1082.79
151,88,2024-01-19 19:06:00,UPI,CONFIRMED,Pune,Maharashtra,858620,7808.12
152,201,2024-06-21 02:42:00,NetBanking,DELIVERED,Gurugram,Haryana,293463,3860.31
153,79,2025-03-27 11:11:00,UPI,PLACED,Hyderabad,Telangana,729906,5769.45
154,346,2025-06-29 06:28:00,Debit Card,CANCELLED,Visakhapatnam,Andhra Pradesh,387856,3496.09
155,268,2024-04-15 12:44:00,UPI,CONFIRMED,Bengaluru,Karnataka,523411,7069.53
156,3,2024-02-19 12:49:00,UPI,SHIPPED,Kolkata,West Bengal,636760,16495.47
157,123,2024-07-23 02:01:00,Credit Card,RETURNED,Ahmedabad,Gujarat,225555,2570.88
158,173,2024-07-15 21:42:00,UPI,RETURNED,Jaipur,Rajasthan,541065,19951.86
159,50,2024-06-20 23:10:00,UPI,DELIVERED,Patna,Bihar,582848,2898.78
160,168,2024-11-26 17:40:00,UPI,SHIPPED,Nagpur,Maharashtra,576231,7275.35
161,278,2025-02-08 13:07:00,UPI,CONFIRMED,Visakhapatnam,Andhra Pradesh,217997,26351.82
162,166,2024-06-26 00:25:00,Debit Card,PLACED,Jaipur,Rajasthan,212877,541.56
163,109,2025-04-14 07:04:00,Debit Card,SHIPPED,Hyderabad,Telangana,525409,3254.81
164,320,2025-01-12 01:04:00,COD,DELIVERED,Chandigarh,Chandigarh,835491,13877.40
165,307,2025-05-26 03:45:00,Credit Card,RETURNED,Lucknow,Uttar Pradesh,311954,2453.20
166,292,2024-06-24 08:06:00,Credit Card,RETURNED,Pune,Maharashtra,402387,13561.84
167,199,2024-05-16 10:11:00,Debit Card,RETURN_REQUESTED,Gurugram,Haryana,690810,8655.38
168,163,2025-05-08 02:21:00,UPI,RETURNED,Hyderabad,Telangana,382990,5751.35
169,230,2025-01-26 16:40:00,Debit Card,DELIVERED,Gurugram,Haryana,119092,9953.76
170,7,2024-08-26 00:39:00,NetBanking,CONFIRMED,Pune,Maharashtra,154139,3525.78
171,122,2025-03-14 07:39:00,UPI,CONFIRMED,Lucknow,Uttar Pradesh,757385,7246.48
172,256,2024-10-30 06:09:00,UPI,DELIVERED,Delhi,Delhi,169460,18800.20
173,122,2025-03-30 23:56:00,UPI,SHIPPED,Lucknow,Uttar Pradesh,757385,23434.37
174,330,2024-02-10 16:50:00,Wallet,DELIVERED,Bengaluru,Karnataka,545246,11472.97
175,148,2024-01-25 07:54:00,Debit Card,SHIPPED,Gurugram,Haryana,617930,411.67
176,106,2025-07-06 01:58:00,COD,RETURNED,Surat,Gujarat,750363,7292.19
177,114,2025-01-25 16:20:00,UPI,DELIVERED,Nagpur,Maharashtra,289296,11977.89
178,34,2025-05-18 02:12:00,UPI,RETURNED,Gurugram,Haryana,610529,7389.36
179,105,2024-05-08 02:11:00,Credit Card,CANCELLED,Mumbai,Maharashtra,119295,18866.67
180,105,2024-08-29 16:05:00,Credit Card,DELIVERED,Mumbai,Maharashtra,119295,6473.44
181,85,2024-07-21 07:27:00,UPI,SHIPPED,Bengaluru,Karnataka,206567,12520.68
182,147,2025-08-13 14:40:00,UPI,RETURN_REQUESTED,Delhi,Delhi,417114,12814.77
183,247,2024-03-22 11:25:00,UPI,DELIVERED,Delhi,Delhi,457569,9915.58
184,217,2025-06-01 19:47:00,Credit Card,SHIPPED,Patna,Bihar,237278,4592.01
185,247,2024-01-21 12:27:00,COD,DELIVERED,Delhi,Delhi,457569,56703.11
186,154,2025-07-04 04:35:00,Debit Card,SHIPPED,Chennai,Tamil Nadu,809217,105404.52
187,238,2024-11-09 14:18:00,UPI,DELIVERED,Chandigarh,Chandigarh,137887,1177.82
188,37,2024-12-07 04:45:00,Credit Card,SHIPPED,Ahmedabad,Gujarat,497669,2904.76
189,98,2024-01-05 00:55:00,Credit Card,DELIVERED,Noida,Uttar Pradesh,418885,33651.51
190,252,2025-02-18 13:25:00,Wallet,DELIVERED,Chandigarh,Chandigarh,793786,9772.26
191,251,2024-11-11 20:37:00,UPI,RETURN_REQUESTED,Chandigarh,Chandigarh,568949,647.60
192,64,2025-01-29 18:10:00,UPI,DELIVERED,Hyderabad,Telangana,753333,18743.82
193,131,2024-12-22 16:45:00,Credit Card,DELIVERED,Chandigarh,Chandigarh,337228,13760.54
194,30,2025-01-29 13:47:00,UPI,DELIVERED,Kolkata,West Bengal,606044,11028.16
195,186,2024-01-29 22:42:00,Debit Card,SHIPPED,Indore,Madhya Pradesh,403675,112307.52
196,234,2024-05-30 08:15:00,Debit Card,RETURNED,Kochi,Kerala,377129,2166.83
197,83,2024-01-13 03:49:00,UPI,DELIVERED,Patna,Bihar,664638,2541.06
198,197,2025-02-11 22:37:00,Wallet,CONFIRMED,Gurugram,Haryana,252236,3577.26
199,97,2025-03-09 05:53:00,Credit Card,DELIVERED,Pune,Maharashtra,293465,3557.60
200,257,2025-06-29 21:56:00,UPI,SHIPPED,Chandigarh,Chandigarh,371143,73210.76
201,211,2024-04-01 03:40:00,Credit Card,DELIVERED,Nagpur,Maharashtra,151066,2508.81
202,74,2024-10-02 23:13:00,COD,DELIVERED,Chennai,Tamil Nadu,521266,11605.13
203,158,2024-01-07 05:52:00,Credit Card,CONFIRMED,Nagpur,Maharashtra,410823,13985.68
204,214,2025-06-21 13:41:00,UPI,DELIVERED,Bengaluru,Karnataka,364268,5578.64
205,91,2025-01-18 05:45:00,UPI,DELIVERED,Noida,Uttar Pradesh,152695,13497.34
206,258,2024-04-22 14:36:00,NetBanking,SHIPPED,Noida,Uttar Pradesh,143746,24962.57
207,31,2024-07-06 06:16:00,Wallet,RETURN_REQUESTED,Patna,Bihar,532924,1594.76
208,226,2024-04-21 20:10:00,UPI,CONFIRMED,Pune,Maharashtra,268322,1525.95
209,64,2024-10-10 02:21:00,UPI,SHIPPED,Hyderabad,Telangana,753333,3376.85
210,249,2024-04-13 00:03:00,UPI,RETURNED,Hyderabad,Telangana,533133,154636.64
211,341,2025-08-19 01:06:00,UPI,DELIVERED,Kochi,Kerala,222982,11426.12
212,193,2025-06-16 08:59:00,Credit Card,DELIVERED,Kolkata,West Bengal,504909,40527.66
213,310,2025-03-15 10:23:00,Debit Card,SHIPPED,Indore,Madhya Pradesh,293465,1845.98
214,162,2024-09-02 11:42:00,UPI,DELIVERED,Gurugram,Haryana,238055,12961.54
215,183,2024-12-04 03:00:00,Credit Card,DELIVERED,Visakhapatnam,Andhra Pradesh,656647,966.68
216,72,2024-01-27 19:07:00,COD,SHIPPED,Nagpur,Maharashtra,227291,7431.36
217,128,2025-01-12 14:39:00,Debit Card,RETURN_REQUESTED,Chennai,Tamil Nadu,868941,45464.93
218,264,2025-02-27 21:12:00,UPI,DELIVERED,Nagpur,Maharashtra,885374,20014.63
219,165,2024-01-18 20:23:00,COD,RETURNED,Nagpur,Maharashtra,404233,116877.83
220,167,2025-03-30 07:38:00,Credit Card,DELIVERED,Delhi,Delhi,124972,120409.25
221,42,2024-12-22 13:59:00,COD,DELIVERED,Bhopal,Madhya Pradesh,892539,9190.62
222,338,2024-04-12 23:24:00,UPI,SHIPPED,Bengaluru,Karnataka,647536,3666.92
223,74,2025-06-16 18:50:00,COD,DELIVERED,Chennai,Tamil Nadu,521266,48952.22
224,66,2025-05-24 02:19:00,NetBanking,RETURNED,Kochi,Kerala,132690,11362.84
225,240,2024-06-21 14:07:00,Credit Card,DELIVERED,Bhopal,Madhya Pradesh,684683,54501.71
226,125,2024-08-04 05:48:00,COD,DELIVERED,Lucknow,Uttar Pradesh,792416,44978.06
227,55,2025-03-21 22:01:00,UPI,RETURNED,Chandigarh,Chandigarh,113750,9477.46
228,197,2024-10-14 07:46:00,UPI,DELIVERED,Gurugram,Haryana,252236,2833.83
229,344,2024-05-06 21:08:00,COD,DELIVERED,Chandigarh,Chandigarh,349234,16913.50
230,252,2024-04-02 22:21:00,COD,RETURNED,Chandigarh,Chandigarh,793786,570.65
231,308,2024-03-07 20:21:00,UPI,DELIVERED,Gurugram,Haryana,399195,56638.18
232,196,2025-07-29 13:51:00,UPI,SHIPPED,Noida,Uttar Pradesh,162626,7768.92
233,149,2024-03-30 03:05:00,UPI,DELIVERED,Pune,Maharashtra,418366,31047.95
234,97,2024-04-28 18:23:00,UPI,SHIPPED,Pune,Maharashtra,293465,16494.53
235,195,2025-08-13 23:00:00,UPI,DELIVERED,Kolkata,West Bengal,163993,887.32
236,98,2025-02-01 13:20:00,NetBanking,DELIVERED,Noida,Uttar Pradesh,418885,1478.93
237,65,2025-06-16 21:38:00,Credit Card,CONFIRMED,Hyderabad,Telangana,217477,157461.01
238,5,2025-07-05 14:20:00,UPI,RETURNED,Patna,Bihar,800167,25529.17
239,113,2025-05-26 21:29:00,UPI,SHIPPED,Pune,Maharashtra,492686,52807.25
240,341,2024-02-05 19:20:00,UPI,RETURNED,Kochi,Kerala,222982,6672.56
241,64,2024-10-07 22:36:00,Credit Card,CANCELLED,Hyderabad,Telangana,753333,9491.65
242,254,2024-10-25 22:24:00,UPI,CANCELLED,Chennai,Tamil Nadu,399843,162595.96
243,79,2024-08-03 23:59:00,NetBanking,DELIVERED,Hyderabad,Telangana,729906,113314.10
244,27,2024-07-02 15:46:00,UPI,RETURNED,Gurugram,Haryana,195604,790.38
245,338,2024-06-12 00:35:00,UPI,DELIVERED,Bengaluru,Karnataka,647536,18769.28
246,243,2024-12-22 12:25:00,UPI,DELIVERED,Hyderabad,Telangana,282660,8022.26
247,145,2024-07-18 22:54:00,Credit Card,CONFIRMED,Patna,Bihar,190687,233602.72
248,166,2025-08-17 01:54:00,COD,SHIPPED,Jaipur,Rajasthan,212877,4247.65
249,336,2024-06-16 18:08:00,Credit Card,DELIVERED,Visakhapatnam,Andhra Pradesh,423679,5352.31
250,75,2024-08-02 06:51:00,Debit Card,DELIVERED,Visakhapatnam,Andhra Pradesh,605595,207.96
251,5,2025-01-05 23:54:00,Credit Card,DELIVERED,Patna,Bihar,800167,70439.20
252,76,2025-01-20 13:43:00,NetBanking,RETURNED,Nagpur,Maharashtra,658174,1954.89
253,50,2024-12-30 15:11:00,COD,CONFIRMED,Patna,Bihar,582848,3190.83
254,264,2024-12-12 18:27:00,Wallet,DELIVERED,Nagpur,Maharashtra,885374,12548.23
255,207,2024-09-07 01:07:00,UPI,DELIVERED,Noida,Uttar Pradesh,845642,5999.45
256,306,2024-06-25 20:47:00,UPI,DELIVERED,Kolkata,West Bengal,845837,6201.88
257,344,2024-04-01 14:55:00,NetBanking,DELIVERED,Chandigarh,Chandigarh,349234,667.60
258,324,2025-03-31 11:00:00,UPI,CONFIRMED,Noida,Uttar Pradesh,193616,23468.80
259,251,2025-06-05 07:01:00,Credit Card,RETURNED,Chandigarh,Chandigarh,568949,3002.54
260,246,2024-10-07 22:47:00,UPI,DELIVERED,Indore,Madhya Pradesh,192617,622.24
261,197,2025-05-10 20:44:00,Credit Card,DELIVERED,Gurugram,Haryana,252236,7719.87
262,51,2024-11-29 02:45:00,COD,DELIVERED,Hyderabad,Telangana,121372,9106.63
263,95,2025-02-19 22:01:00,UPI,CANCELLED,Patna,Bihar,165604,10843.68
264,272,2025-05-15 02:33:00,NetBanking,DELIVERED,Indore,Madhya Pradesh,465933,14324.25
265,334,2024-05-07 06:42:00,COD,SHIPPED,Indore,Madhya Pradesh,540573,3521.27
266,307,2024-07-03 00:35:00,Credit Card,SHIPPED,Lucknow,Uttar Pradesh,311954,4726.92
267,21,2024-05-11 18:13:00,Debit Card,CONFIRMED,Bhopal,Madhya Pradesh,449696,2407.76
268,132,2024-02-05 02:07:00,Credit Card,DELIVERED,Bhopal,Madhya Pradesh,816630,205271.54
269,279,2024-06-24 13:42:00,UPI,SHIPPED,Noida,Uttar Pradesh,145474,6882.82
270,266,2024-10-27 21:34:00,Credit Card,DELIVERED,Lucknow,Uttar Pradesh,677940,6056.84
271,161,2025-06-19 11:38:00,Credit Card,SHIPPED,Nagpur,Maharashtra,522076,1045.47
272,51,2024-02-15 07:02:00,UPI,SHIPPED,Hyderabad,Telangana,121372,15859.24
273,111,2024-05-17 19:35:00,UPI,DELIVERED,Visakhapatnam,Andhra Pradesh,180800,40559.05
274,66,2025-03-08 02:35:00,UPI,DELIVERED,Kochi,Kerala,132690,61772.50
275,84,2025-02-13 14:05:00,COD,DELIVERED,Chandigarh,Chandigarh,582651,2371.22
276,74,2025-07-02 06:04:00,Debit Card,SHIPPED,Chennai,Tamil Nadu,521266,6709.94
277,325,2024-07-16 22:23:00,Credit Card,DELIVERED,Noida,Uttar Pradesh,198148,8055.50
278,262,2024-06-16 13:52:00,UPI,RETURNED,Visakhapatnam,Andhra Pradesh,841679,8448.01
279,223,2025-01-23 00:38:00,UPI,SHIPPED,Jaipur,Rajasthan,534366,9872.46
280,273,2024-04-22 21:35:00,Credit Card,SHIPPED,Bhopal,Madhya Pradesh,281901,3036.54
281,46,2025-01-06 10:49:00,UPI,RETURN_REQUESTED,Gurugram,Haryana,369072,1940.80
282,116,2024-10-07 00:06:00,UPI,RETURNED,Nagpur,Maharashtra,793674,8197.85
283,194,2024-04-17 03:11:00,Credit Card,RETURN_REQUESTED,Kochi,Kerala,754386,105286.41
284,302,2025-05-16 03:33:00,UPI,DELIVERED,Indore,Madhya Pradesh,470870,2247.88
285,145,2025-07-18 08:38:00,UPI,PLACED,Patna,Bihar,190687,3819.28
286,163,2025-02-02 05:22:00,NetBanking,DELIVERED,Hyderabad,Telangana,382990,24020.64
287,273,2025-07-18 19:56:00,NetBanking,DELIVERED,Bhopal,Madhya Pradesh,281901,7219.24
288,66,2024-09-22 00:43:00,Credit Card,SHIPPED,Kochi,Kerala,132690,4412.33
289,65,2024-05-26 12:36:00,Debit Card,CONFIRMED,Hyderabad,Telangana,217477,3866.72
290,328,2025-01-14 22:49:00,UPI,DELIVERED,Bengaluru,Karnataka,165933,75742.28
291,235,2024-07-06 14:22:00,NetBanking,DELIVERED,Patna,Bihar,353485,728.29
292,142,2025-03-14 16:45:00,COD,CANCELLED,Indore,Madhya Pradesh,843453,11506.35
293,157,2024-03-30 09:26:00,NetBanking,CANCELLED,Chandigarh,Chandigarh,642202,7642.38
294,325,2024-03-22 02:46:00,UPI,CONFIRMED,Noida,Uttar Pradesh,198148,17700.62
295,295,2024-02-28 02:47:00,UPI,RETURNED,Pune,Maharashtra,689546,16458.06
296,6,2025-03-10 21:32:00,COD,CONFIRMED,Nagpur,Maharashtra,221077,3774.13
297,255,2025-06-11 21:43:00,COD,DELIVERED,Nagpur,Maharashtra,154809,2922.93
298,208,2024-01-15 19:12:00,COD,DELIVERED,Pune,Maharashtra,592644,3916.55
299,218,2025-07-01 23:22:00,UPI,DELIVERED,Gurugram,Haryana,517917,4963.77
300,271,2024-02-13 19:28:00,Wallet,DELIVERED,Patna,Bihar,640434,16979.43
301,269,2024-08-18 05:04:00,UPI,CONFIRMED,Kochi,Kerala,650090,29239.02
302,181,2024-02-22 13:31:00,UPI,DELIVERED,Hyderabad,Telangana,614923,10841.37
303,58,2024-12-12 21:15:00,NetBanking,RETURN_REQUESTED,Patna,Bihar,808007,11562.43
304,61,2024-10-24 09:30:00,UPI,SHIPPED,Nagpur,Maharashtra,281700,3550.00
305,324,2025-08-05 12:13:00,COD,RETURNED,Noida,Uttar Pradesh,193616,195.00
306,330,2025-06-11 01:59:00,Credit Card,DELIVERED,Bengaluru,Karnataka,545246,10541.50
307,250,2024-02-28 11:00:00,Debit Card,SHIPPED,Noida,Uttar Pradesh,303966,302.45
308,182,2024-04-19 00:22:00,COD,SHIPPED,Bhopal,Madhya Pradesh,367688,453.98
309,182,2024-01-10 03:27:00,Credit Card,CONFIRMED,Bhopal,Madhya Pradesh,367688,116442.45
310,264,2024-06-06 13:07:00,COD,PLACED,Nagpur,Maharashtra,885374,765.10
311,337,2024-09-13 07:30:00,UPI,SHIPPED,Ahmedabad,Gujarat,396874,1340.20
312,220,2024-07-05 17:51:00,UPI,RETURNED,Pune,Maharashtra,341530,4817.07
313,337,2025-03-25 05:08:00,UPI,DELIVERED,Ahmedabad,Gujarat,396874,7615.38
314,184,2024-07-22 03:12:00,UPI,CONFIRMED,Nagpur,Maharashtra,502642,2972.85
315,216,2024-12-05 01:10:00,Debit Card,RETURNED,Chandigarh,Chandigarh,253152,11756.52
316,341,2024-09-29 03:26:00,Credit Card,DELIVERED,Kochi,Kerala,222982,3146.78
317,350,2024-05-10 10:48:00,NetBanking,RETURN_REQUESTED,Kolkata,West Bengal,159667,1702.97
318,257,2025-02-02 04:07:00,Wallet,DELIVERED,Chandigarh,Chandigarh,371143,614.22
319,65,2024-06-08 11:32:00,UPI,DELIVERED,Hyderabad,Telangana,217477,2886.14
320,27,2024-12-16 13:38:00,Debit Card,DELIVERED,Gurugram,Haryana,195604,4265.73
321,149,2024-10-15 15:05:00,NetBanking,SHIPPED,Pune,Maharashtra,418366,7788.87
322,79,2025-06-07 05:15:00,UPI,CONFIRMED,Hyderabad,Telangana,729906,181194.08
323,135,2024-09-10 21:52:00,Credit Card,DELIVERED,Jaipur,Rajasthan,204126,7451.19
324,53,2025-05-29 19:11:00,UPI,RETURN_REQUESTED,Nagpur,Maharashtra,792624,8417.72
325,323,2024-06-01 07:07:00,UPI,PLACED,Pune,Maharashtra,578936,3596.36
326,99,2024-05-29 13:01:00,Debit Card,CONFIRMED,Hyderabad,Telangana,566013,99068.52
327,27,2025-01-24 13:33:00,UPI,DELIVERED,Gurugram,Haryana,195604,368.34
328,119,2024-08-15 10:27:00,Credit Card,DELIVERED,Pune,Maharashtra,474641,6000.32
329,330,2024-02-22 09:07:00,UPI,SHIPPED,Bengaluru,Karnataka,545246,4619.31
330,180,2025-03-04 07:20:00,COD,SHIPPED,Bengaluru,Karnataka,520888,4054.94
331,1,2024-02-23 21:47:00,UPI,SHIPPED,Jaipur,Rajasthan,477442,38940.70
332,144,2024-04-13 13:11:00,UPI,DELIVERED,Bengaluru,Karnataka,535025,1339.42
333,172,2024-11-07 03:06:00,Debit Card,DELIVERED,Nagpur,Maharashtra,658881,175590.02
334,67,2024-12-05 11:47:00,NetBanking,DELIVERED,Patna,Bihar,690607,17063.17
335,302,2025-06-25 19:23:00,UPI,SHIPPED,Indore,Madhya Pradesh,470870,47334.15
336,300,2025-01-28 02:56:00,UPI,DELIVERED,Surat,Gujarat,143860,10119.51
337,309,2024-05-03 01:37:00,Wallet,RETURN_REQUESTED,Lucknow,Uttar Pradesh,891534,4592.01
338,98,2024-07-16 22:28:00,COD,CONFIRMED,Noida,Uttar Pradesh,418885,1084.58
339,280,2024-12-17 09:46:00,Credit Card,DELIVERED,Pune,Maharashtra,541072,4657.46
340,274,2024-06-06 01:08:00,UPI,DELIVERED,Nagpur,Maharashtra,853516,1533.24
341,130,2025-07-27 11:57:00,UPI,DELIVERED,Gurugram,Haryana,143849,4841.81
342,61,2025-03-22 02:30:00,Credit Card,RETURNED,Nagpur,Maharashtra,281700,13798.96
343,258,2024-01-23 05:38:00,UPI,RETURNED,Noida,Uttar Pradesh,143746,2088.05
344,149,2024-02-16 18:03:00,NetBanking,DELIVERED,Pune,Maharashtra,418366,9068.93
345,204,2025-05-21 21:34:00,COD,RETURNED,Chennai,Tamil Nadu,371155,184.45
346,85,2025-03-24 16:24:00,Credit Card,DELIVERED,Bengaluru,Karnataka,206567,5642.33
347,311,2024-10-05 06:11:00,UPI,DELIVERED,Chennai,Tamil Nadu,782894,817.95
348,304,2024-01-10 16:29:00,Credit Card,DELIVERED,Ahmedabad,Gujarat,543669,65162.50
349,133,2024-11-06 07:18:00,Debit Card,DELIVERED,Noida,Uttar Pradesh,687398,3795.99
350,88,2024-08-17 01:34:00,UPI,PLACED,Pune,Maharashtra,858620,60193.96
351,76,2024-10-11 04:17:00,COD,CONFIRMED,Nagpur,Maharashtra,658174,7064.89
352,128,2024-08-03 17:07:00,UPI,SHIPPED,Chennai,Tamil Nadu,868941,5009.67
353,310,2025-01-12 10:05:00,COD,RETURN_REQUESTED,Indore,Madhya Pradesh,293465,6753.70
354,136,2024-05-16 13:57:00,Debit Card,SHIPPED,Surat,Gujarat,338866,7912.08
355,30,2024-01-11 11:14:00,Debit Card,SHIPPED,Kolkata,West Bengal,606044,1585.56
356,132,2024-01-17 17:42:00,Wallet,DELIVERED,Bhopal,Madhya Pradesh,816630,905.75
357,299,2024-04-18 23:47:00,Debit Card,RETURNED,Surat,Gujarat,882440,2402.98
358,132,2025-07-18 06:52:00,Credit Card,SHIPPED,Bhopal,Madhya Pradesh,816630,58270.77
359,105,2025-08-18 20:51:00,COD,DELIVERED,Mumbai,Maharashtra,119295,191.80
360,229,2024-08-25 23:46:00,Credit Card,CONFIRMED,Lucknow,Uttar Pradesh,424279,10733.98
361,246,2024-04-05 15:11:00,Credit Card,CANCELLED,Indore,Madhya Pradesh,192617,4186.99
362,91,2024-07-12 18:31:00,COD,SHIPPED,Noida,Uttar Pradesh,152695,626.90
363,145,2024-01-22 09:10:00,COD,CANCELLED,Patna,Bihar,190687,52747.58
364,312,2024-07-11 02:09:00,UPI,SHIPPED,Chandigarh,Chandigarh,545771,4495.52
365,331,2025-02-16 03:46:00,Credit Card,DELIVERED,Mumbai,Maharashtra,797024,3642.84
366,7,2024-04-12 12:24:00,UPI,CANCELLED,Pune,Maharashtra,154139,3496.48
367,330,2024-02-14 04:15:00,NetBanking,SHIPPED,Bengaluru,Karnataka,545246,25044.92
368,322,2024-01-14 00:50:00,UPI,DELIVERED,Gurugram,Haryana,235613,9473.12
369,174,2024-03-28 06:08:00,Credit Card,DELIVERED,Kolkata,West Bengal,818103,14194.08
370,228,2024-06-16 09:21:00,Credit Card,SHIPPED,Indore,Madhya Pradesh,856472,17253.02
371,279,2024-09-30 20:34:00,UPI,CANCELLED,Noida,Uttar Pradesh,145474,14539.00
372,53,2025-07-11 09:06:00,Credit Card,CANCELLED,Nagpur,Maharashtra,792624,12508.04
373,73,2024-01-02 07:01:00,UPI,DELIVERED,Ahmedabad,Gujarat,286712,6021.21
374,181,2024-10-20 07:58:00,COD,DELIVERED,Hyderabad,Telangana,614923,4299.24
375,58,2025-05-18 05:07:00,UPI,RETURNED,Patna,Bihar,808007,1335.58
376,145,2024-12-31 02:39:00,UPI,DELIVERED,Patna,Bihar,190687,8145.05
377,44,2024-02-14 19:09:00,UPI,DELIVERED,Ahmedabad,Gujarat,340558,67232.81
378,308,2024-07-04 21:27:00,UPI,DELIVERED,Gurugram,Haryana,399195,2834.34
379,155,2024-10-20 11:56:00,UPI,RETURNED,Mumbai,Maharashtra,397464,60791.49
380,339,2025-01-12 08:51:00,COD,DELIVERED,Pune,Maharashtra,386734,42146.02
381,2,2024-06-01 20:09:00,UPI,DELIVERED,Pune,Maharashtra,859358,92737.47
382,245,2024-03-09 03:36:00,Credit Card,DELIVERED,Nagpur,Maharashtra,422465,8279.27
383,75,2024-04-02 10:08:00,UPI,DELIVERED,Visakhapatnam,Andhra Pradesh,605595,6904.89
384,164,2025-05-21 13:30:00,Debit Card,DELIVERED,Gurugram,Haryana,295125,16417.36
385,326,2024-12-07 04:51:00,COD,RETURNED,Delhi,Delhi,848534,22973.51
386,197,2025-03-04 17:31:00,Credit Card,DELIVERED,Gurugram,Haryana,252236,4779.23
387,275,2024-08-23 12:05:00,Credit Card,DELIVERED,Lucknow,Uttar Pradesh,105912,1728.75
388,296,2024-08-12 22:05:00,UPI,PLACED,Kolkata,West Bengal,668410,26145.11
389,9,2025-01-06 17:30:00,Wallet,RETURNED,Noida,Uttar Pradesh,180262,5977.15
390,31,2024-12-23 11:54:00,NetBanking,DELIVERED,Patna,Bihar,532924,1383.85
391,72,2024-10-28 14:09:00,NetBanking,DELIVERED,Nagpur,Maharashtra,227291,4731.36
392,216,2024-09-05 06:52:00,UPI,DELIVERED,Chandigarh,Chandigarh,253152,58065.88
393,61,2024-05-26 12:46:00,UPI,RETURNED,Nagpur,Maharashtra,281700,58601.03
394,191,2024-02-25 22:06:00,Debit Card,CONFIRMED,Jaipur,Rajasthan,475277,18899.80
395,305,2024-06-10 00:09:00,UPI,CONFIRMED,Patna,Bihar,129513,5178.18
396,40,2024-01-13 18:53:00,NetBanking,CONFIRMED,Visakhapatnam,Andhra Pradesh,802178,1858.34
397,94,2025-04-26 23:08:00,Debit Card,DELIVERED,Lucknow,Uttar Pradesh,789822,1940.80
398,154,2025-04-26 13:46:00,UPI,DELIVERED,Chennai,Tamil Nadu,809217,1030.07
399,7,2024-10-20 03:09:00,UPI,DELIVERED,Pune,Maharashtra,154139,9218.16
400,310,2024-06-26 16:10:00,UPI,CANCELLED,Indore,Madhya Pradesh,293465,5785.08
401,349,2025-04-10 17:45:00,NetBanking,RETURNED,Ahmedabad,Gujarat,779963,13409.63
402,257,2024-11-09 22:14:00,Credit Card,SHIPPED,Chandigarh,Chandigarh,371143,11391.92
403,48,2025-06-18 12:08:00,Debit Card,DELIVERED,Bengaluru,Karnataka,755929,14348.42
404,29,2024-08-12 12:11:00,NetBanking,RETURNED,Kolkata,West Bengal,271359,68600.37
405,310,2024-03-20 22:29:00,Credit Card,DELIVERED,Indore,Madhya Pradesh,293465,3835.90
406,208,2025-01-24 05:03:00,NetBanking,DELIVERED,Pune,Maharashtra,592644,9223.46
407,100,2024-10-03 03:06:00,UPI,DELIVERED,Lucknow,Uttar Pradesh,878876,7739.41
408,172,2024-01-29 07:18:00,UPI,CONFIRMED,Nagpur,Maharashtra,658881,10441.36
409,109,2024-01-12 09:12:00,Credit Card,DELIVERED,Hyderabad,Telangana,525409,90605.84
410,17,2024-09-03 08:05:00,Wallet,DELIVERED,Delhi,Delhi,463589,10556.83
411,289,2025-05-10 01:03:00,UPI,RETURNED,Indore,Madhya Pradesh,410316,10566.65
412,5,2024-12-31 09:25:00,Credit Card,SHIPPED,Patna,Bihar,800167,13642.19
413,201,2024-12-30 04:44:00,Debit Card,SHIPPED,Gurugram,Haryana,293463,2522.04
414,258,2024-04-13 16:51:00,NetBanking,PLACED,Noida,Uttar Pradesh,143746,97527.78
415,196,2025-05-03 18:55:00,COD,SHIPPED,Noida,Uttar Pradesh,162626,48631.12
416,78,2025-04-19 02:56:00,Debit Card,RETURNED,Hyderabad,Telangana,587068,784.54
417,119,2024-08-08 21:41:00,UPI,DELIVERED,Pune,Maharashtra,474641,7454.98
418,257,2025-06-12 23:38:00,Debit Card,RETURNED,Chandigarh,Chandigarh,371143,4765.65
419,175,2025-04-03 04:21:00,UPI,DELIVERED,Delhi,Delhi,744057,4675.32
420,221,2024-02-10 22:49:00,Debit Card,SHIPPED,Chandigarh,Chandigarh,773821,907.35
421,313,2024-03-17 04:36:00,Debit Card,DELIVERED,Gurugram,Haryana,816219,19907.92
422,8,2024-05-26 09:35:00,COD,DELIVERED,Delhi,Delhi,799767,19839.69
423,45,2025-05-25 03:29:00,UPI,RETURNED,Noida,Uttar Pradesh,288833,59531.96
424,83,2024-03-10 08:36:00,UPI,CONFIRMED,Patna,Bihar,664638,4138.97
425,92,2025-04-16 08:30:00,Wallet,DELIVERED,Visakhapatnam,Andhra Pradesh,756487,295.56
426,227,2024-05-23 03:36:00,Credit Card,DELIVERED,Noida,Uttar Pradesh,354784,2957.86
427,147,2025-02-14 13:54:00,Debit Card,DELIVERED,Delhi,Delhi,417114,311.12
428,226,2025-01-10 16:54:00,Debit Card,SHIPPED,Pune,Maharashtra,268322,47616.27
429,43,2025-02-27 16:28:00,UPI,RETURN_REQUESTED,Bengaluru,Karnataka,853554,7459.10
430,350,2024-02-13 19:41:00,UPI,DELIVERED,Kolkata,West Bengal,159667,18348.63
431,288,2024-01-09 04:54:00,UPI,DELIVERED,Delhi,Delhi,250984,17738.77
432,292,2025-02-12 02:14:00,UPI,DELIVERED,Pune,Maharashtra,402387,45192.43
433,48,2024-12-23 14:29:00,Debit Card,RETURNED,Bengaluru,Karnataka,755929,4304.99
434,239,2024-04-21 02:11:00,Debit Card,RETURNED,Noida,Uttar Pradesh,355775,4254.44
435,204,2025-03-19 06:25:00,UPI,SHIPPED,Chennai,Tamil Nadu,371155,47416.28
436,310,2025-05-12 06:44:00,Debit Card,CONFIRMED,Indore,Madhya Pradesh,293465,2437.15
437,233,2024-02-09 17:09:00,COD,CONFIRMED,Hyderabad,Telangana,553295,1562.76
438,110,2024-11-23 18:02:00,Wallet,DELIVERED,Kolkata,West Bengal,625259,2012.50
439,32,2025-01-05 13:30:00,UPI,SHIPPED,Kochi,Kerala,151245,72635.65
440,12,2025-03-09 08:16:00,Debit Card,CONFIRMED,Nagpur,Maharashtra,520703,55480.65
441,36,2024-10-07 12:05:00,UPI,DELIVERED,Ahmedabad,Gujarat,167922,408.40
442,215,2025-06-21 06:42:00,COD,SHIPPED,Kochi,Kerala,755700,319.66
443,28,2024-04-04 13:21:00,Wallet,SHIPPED,Delhi,Delhi,193676,3763.50
444,102,2024-12-23 13:30:00,Credit Card,DELIVERED,Noida,Uttar Pradesh,730990,12721.00
445,83,2025-03-23 11:58:00,Debit Card,DELIVERED,Patna,Bihar,664638,11919.13
446,6,2025-07-28 19:12:00,UPI,DELIVERED,Nagpur,Maharashtra,221077,804.19
447,316,2024-05-28 10:42:00,Wallet,RETURNED,Indore,Madhya Pradesh,487569,971.66
448,163,2024-01-15 04:57:00,Credit Card,CONFIRMED,Hyderabad,Telangana,382990,16348.47
449,163,2024-04-26 21:26:00,UPI,DELIVERED,Hyderabad,Telangana,382990,2522.67
450,231,2024-05-08 20:28:00,Debit Card,DELIVERED,Mumbai,Maharashtra,307041,5863.37
451,19,2024-08-11 23:12:00,Credit Card,DELIVERED,Patna,Bihar,768308,58400.68
452,86,2025-01-21 06:22:00,UPI,SHIPPED,Mumbai,Maharashtra,826377,855.32
453,348,2025-08-13 00:23:00,NetBanking,PLACED,Mumbai,Maharashtra,530093,15264.45
454,158,2025-05-29 03:44:00,Credit Card,RETURNED,Nagpur,Maharashtra,410823,8681.68
455,212,2025-02-24 11:22:00,NetBanking,DELIVERED,Hyderabad,Telangana,815495,3533.88
456,172,2024-04-26 05:29:00,Credit Card,SHIPPED,Nagpur,Maharashtra,658881,49542.96
457,305,2024-06-15 17:27:00,UPI,CANCELLED,Patna,Bihar,129513,6021.35
458,349,2025-03-23 20:18:00,Debit Card,RETURNED,Ahmedabad,Gujarat,779963,1399.28
459,51,2024-03-30 03:05:00,Debit Card,DELIVERED,Hyderabad,Telangana,121372,4494.79
460,211,2024-04-16 15:47:00,NetBanking,RETURNED,Nagpur,Maharashtra,151066,8849.66
461,52,2025-03-30 16:37:00,NetBanking,DELIVERED,Ahmedabad,Gujarat,219340,5584.87
462,216,2024-08-04 07:49:00,Credit Card,DELIVERED,Chandigarh,Chandigarh,253152,3457.50
463,101,2025-04-25 03:22:00,Wallet,RETURNED,Patna,Bihar,267484,32221.01
464,212,2025-02-09 00:23:00,NetBanking,DELIVERED,Hyderabad,Telangana,815495,11669.92
465,138,2024-09-27 09:53:00,COD,RETURNED,Gurugram,Haryana,177232,15568.46
466,345,2024-09-04 00:57:00,COD,PLACED,Jaipur,Rajasthan,412027,6009.99
467,14,2024-06-06 11:53:00,NetBanking,CANCELLED,Jaipur,Rajasthan,451302,3385.76
468,308,2024-11-21 10:10:00,Wallet,RETURNED,Gurugram,Haryana,399195,876.93
469,124,2025-07-23 12:12:00,Debit Card,DELIVERED,Patna,Bihar,875307,10478.93
470,27,2025-08-14 13:08:00,COD,DELIVERED,Gurugram,Haryana,195604,16887.68
471,89,2025-02-16 10:33:00,UPI,SHIPPED,Jaipur,Rajasthan,586610,8359.90
472,65,2025-05-31 03:40:00,Credit Card,DELIVERED,Hyderabad,Telangana,217477,13313.48
473,322,2024-09-23 17:10:00,COD,SHIPPED,Gurugram,Haryana,235613,116801.36
474,48,2024-01-27 13:00:00,Debit Card,DELIVERED,Bengaluru,Karnataka,755929,6090.12
475,15,2025-07-10 02:36:00,UPI,DELIVERED,Gurugram,Haryana,287122,7299.12
476,67,2025-04-09 20:40:00,NetBanking,SHIPPED,Patna,Bihar,690607,5044.08
477,335,2024-08-15 09:12:00,Credit Card,SHIPPED,Nagpur,Maharashtra,234698,170612.85
478,194,2024-09-23 21:03:00,UPI,RETURNED,Kochi,Kerala,754386,7796.48
479,322,2024-01-24 20:37:00,COD,CONFIRMED,Gurugram,Haryana,235613,10579.25
480,306,2024-05-05 03:09:00,UPI,RETURN_REQUESTED,Kolkata,West Bengal,845837,2006.14
481,48,2024-03-20 15:54:00,UPI,CANCELLED,Bengaluru,Karnataka,755929,11287.15
482,201,2024-04-13 15:50:00,UPI,CONFIRMED,Gurugram,Haryana,293463,3499.49
483,321,2024-03-19 06:43:00,Credit Card,RETURN_REQUESTED,Kolkata,West Bengal,231263,5018.51
484,325,2025-04-06 05:11:00,UPI,RETURNED,Noida,Uttar Pradesh,198148,4231.96
485,338,2025-08-03 20:38:00,COD,CONFIRMED,Bengaluru,Karnataka,647536,58745.62
486,176,2024-12-21 15:39:00,Credit Card,PLACED,Surat,Gujarat,282275,8346.44
487,268,2024-09-17 03:12:00,Debit Card,DELIVERED,Bengaluru,Karnataka,523411,7381.71
488,266,2025-06-08 04:13:00,COD,CONFIRMED,Lucknow,Uttar Pradesh,677940,11460.90
489,112,2024-01-31 10:08:00,UPI,DELIVERED,Chennai,Tamil Nadu,107525,23597.20
490,65,2024-10-01 08:30:00,UPI,CONFIRMED,Hyderabad,Telangana,217477,10158.41
491,283,2024-10-28 14:47:00,NetBanking,DELIVERED,Jaipur,Rajasthan,766228,4827.26
492,205,2024-07-16 08:11:00,UPI,CANCELLED,Visakhapatnam,Andhra Pradesh,880619,38286.97
493,144,2025-02-06 03:37:00,NetBanking,DELIVERED,Bengaluru,Karnataka,535025,12223.67
494,85,2024-07-29 23:31:00,Credit Card,DELIVERED,Bengaluru,Karnataka,206567,7678.01
495,306,2024-10-05 10:39:00,UPI,DELIVERED,Kolkata,West Bengal,845837,7268.04
496,103,2025-08-03 11:23:00,COD,CANCELLED,Lucknow,Uttar Pradesh,709818,12010.32
497,231,2024-06-20 01:32:00,UPI,DELIVERED,Mumbai,Maharashtra,307041,1358.62
498,310,2025-06-27 11:25:00,UPI,SHIPPED,Indore,Madhya Pradesh,293465,12691.72
499,166,2025-03-15 05:22:00,UPI,SHIPPED,Jaipur,Rajasthan,212877,324.08
500,191,2025-01-15 04:49:00,UPI,PLACED,Jaipur,Rajasthan,475277,10262.34
501,6,2024-12-02 06:29:00,Credit Card,SHIPPED,Nagpur,Maharashtra,221077,20566.74
502,120,2025-07-29 02:24:00,UPI,SHIPPED,Kochi,Kerala,399264,21141.84
503,112,2024-04-15 17:17:00,Debit Card,RETURNED,Chennai,Tamil Nadu,107525,47709.94
504,344,2024-03-17 18:57:00,Debit Card,DELIVERED,Chandigarh,Chandigarh,349234,174.20
505,223,2024-11-21 10:12:00,UPI,CANCELLED,Jaipur,Rajasthan,534366,1778.80
506,256,2024-02-17 08:26:00,UPI,DELIVERED,Delhi,Delhi,169460,3680.65
507,308,2024-11-30 18:24:00,UPI,PLACED,Gurugram,Haryana,399195,11292.09
508,10,2025-08-12 00:58:00,Credit Card,CONFIRMED,Visakhapatnam,Andhra Pradesh,207811,11447.96
509,207,2024-02-07 17:58:00,Credit Card,SHIPPED,Noida,Uttar Pradesh,845642,3257.83
510,9,2024-03-12 15:06:00,NetBanking,DELIVERED,Noida,Uttar Pradesh,180262,19103.94
511,155,2024-10-08 10:48:00,UPI,CONFIRMED,Mumbai,Maharashtra,397464,5312.28
512,161,2025-05-20 19:03:00,UPI,DELIVERED,Nagpur,Maharashtra,522076,17240.07
513,233,2025-05-20 20:58:00,UPI,DELIVERED,Hyderabad,Telangana,553295,6551.25
514,317,2024-04-15 00:14:00,UPI,PLACED,Gurugram,Haryana,613711,2277.02
515,54,2024-11-26 22:46:00,Credit Card,SHIPPED,Indore,Madhya Pradesh,172150,15394.79
516,98,2025-01-12 17:00:00,COD,RETURN_REQUESTED,Noida,Uttar Pradesh,418885,5943.92
517,133,2024-02-14 03:03:00,COD,CONFIRMED,Noida,Uttar Pradesh,687398,3172.04
518,169,2025-01-23 08:44:00,UPI,CONFIRMED,Ahmedabad,Gujarat,126977,15351.34
519,236,2024-05-02 04:20:00,COD,DELIVERED,Bengaluru,Karnataka,672765,9896.00
520,212,2025-04-02 21:07:00,Credit Card,SHIPPED,Hyderabad,Telangana,815495,20837.28
521,245,2025-05-16 08:20:00,NetBanking,DELIVERED,Nagpur,Maharashtra,422465,1914.21
522,48,2024-09-27 09:45:00,UPI,DELIVERED,Bengaluru,Karnataka,755929,8031.15
523,125,2024-07-29 22:04:00,UPI,DELIVERED,Lucknow,Uttar Pradesh,792416,36922.91
524,109,2024-01-14 21:13:00,Credit Card,DELIVERED,Hyderabad,Telangana,525409,6356.44
525,250,2024-04-17 10:13:00,NetBanking,DELIVERED,Noida,Uttar Pradesh,303966,8619.19
526,264,2024-11-16 09:45:00,Credit Card,SHIPPED,Nagpur,Maharashtra,885374,2629.30
527,259,2024-04-18 04:14:00,COD,DELIVERED,Mumbai,Maharashtra,806256,6627.53
528,232,2025-06-09 06:49:00,Credit Card,CONFIRMED,Nagpur,Maharashtra,446336,52164.78
529,217,2024-06-17 21:19:00,Wallet,DELIVERED,Patna,Bihar,237278,2824.94
530,53,2024-05-30 14:56:00,UPI,CONFIRMED,Nagpur,Maharashtra,792624,7516.53
531,9,2025-04-16 05:17:00,UPI,DELIVERED,Noida,Uttar Pradesh,180262,39483.83
532,232,2024-12-26 08:07:00,COD,CONFIRMED,Nagpur,Maharashtra,446336,9084.56
533,221,2024-08-05 04:25:00,Credit Card,DELIVERED,Chandigarh,Chandigarh,773821,1899.58
534,28,2025-03-27 08:23:00,UPI,DELIVERED,Delhi,Delhi,193676,1943.32
535,217,2024-07-17 09:12:00,Credit Card,DELIVERED,Patna,Bihar,237278,6992.84
536,272,2025-05-20 16:27:00,UPI,PLACED,Indore,Madhya Pradesh,465933,6672.66
537,128,2024-04-23 07:07:00,UPI,PLACED,Chennai,Tamil Nadu,868941,3768.04
538,137,2024-09-01 02:34:00,UPI,SHIPPED,Mumbai,Maharashtra,253931,5466.73
539,318,2025-02-18 12:25:00,UPI,DELIVERED,Ahmedabad,Gujarat,175012,11340.77
540,138,2025-05-22 06:10:00,NetBanking,SHIPPED,Gurugram,Haryana,177232,1278.64
541,148,2024-10-21 23:00:00,UPI,DELIVERED,Gurugram,Haryana,617930,5187.57
542,319,2025-05-03 23:19:00,COD,DELIVERED,Mumbai,Maharashtra,638765,2499.63
543,88,2024-11-18 21:04:00,UPI,SHIPPED,Pune,Maharashtra,858620,3600.23
544,234,2024-05-25 00:42:00,Credit Card,SHIPPED,Kochi,Kerala,377129,365.34
545,91,2024-09-27 02:10:00,Debit Card,RETURN_REQUESTED,Noida,Uttar Pradesh,152695,72.31
546,305,2024-12-26 15:37:00,UPI,RETURN_REQUESTED,Patna,Bihar,129513,164233.26
547,242,2024-04-22 01:52:00,UPI,DELIVERED,Gurugram,Haryana,477718,51752.20
548,149,2024-08-21 16:32:00,UPI,CONFIRMED,Pune,Maharashtra,418366,3989.08
549,49,2024-04-12 09:51:00,Debit Card,DELIVERED,Mumbai,Maharashtra,567686,13093.51
550,180,2025-07-12 08:42:00,Credit Card,DELIVERED,Bengaluru,Karnataka,520888,3267.23
551,7,2024-12-27 09:45:00,UPI,DELIVERED,Pune,Maharashtra,154139,2322.12
552,340,2025-05-10 03:17:00,Debit Card,DELIVERED,Pune,Maharashtra,499171,104121.63
553,11,2024-05-31 13:54:00,UPI,RETURNED,Bhopal,Madhya Pradesh,298142,639.88
554,183,2025-05-24 00:15:00,Credit Card,DELIVERED,Visakhapatnam,Andhra Pradesh,656647,866.68
555,221,2025-01-03 06:47:00,UPI,RETURNED,Chandigarh,Chandigarh,773821,5036.53
556,194,2024-04-20 08:56:00,Debit Card,DELIVERED,Kochi,Kerala,754386,4743.98
557,231,2025-06-23 05:16:00,COD,SHIPPED,Mumbai,Maharashtra,307041,29844.33
558,170,2025-02-04 18:26:00,COD,SHIPPED,Nagpur,Maharashtra,655264,6668.72
559,98,2024-02-12 18:33:00,Debit Card,CANCELLED,Noida,Uttar Pradesh,418885,20199.71
560,63,2025-03-19 14:36:00,Wallet,DELIVERED,Surat,Gujarat,144034,116189.24
561,148,2024-04-22 00:31:00,COD,CONFIRMED,Gurugram,Haryana,617930,4288.30
562,349,2024-06-02 16:18:00,Debit Card,DELIVERED,Ahmedabad,Gujarat,779963,5809.66
563,156,2025-05-13 09:04:00,NetBanking,PLACED,Gurugram,Haryana,787513,1339.42
564,21,2024-08-10 09:52:00,Credit Card,CONFIRMED,Bhopal,Madhya Pradesh,449696,3666.92
565,157,2024-01-06 13:22:00,Debit Card,PLACED,Chandigarh,Chandigarh,642202,4214.30
566,129,2024-05-21 11:56:00,UPI,RETURN_REQUESTED,Visakhapatnam,Andhra Pradesh,375745,639.32
567,341,2025-07-28 04:05:00,Debit Card,CONFIRMED,Kochi,Kerala,222982,2191.99
568,101,2025-03-18 18:58:00,UPI,SHIPPED,Patna,Bihar,267484,17389.27
569,243,2024-12-29 07:51:00,Debit Card,DELIVERED,Hyderabad,Telangana,282660,3642.84
570,205,2024-04-10 08:58:00,UPI,SHIPPED,Visakhapatnam,Andhra Pradesh,880619,5497.98
571,289,2025-03-22 21:56:00,UPI,DELIVERED,Indore,Madhya Pradesh,410316,2330.81
572,350,2024-07-23 08:08:00,Credit Card,SHIPPED,Kolkata,West Bengal,159667,60663.54
573,157,2024-03-28 09:36:00,COD,DELIVERED,Chandigarh,Chandigarh,642202,6388.31
574,94,2025-01-19 13:06:00,UPI,DELIVERED,Lucknow,Uttar Pradesh,789822,1846.16
575,161,2025-05-30 21:45:00,UPI,DELIVERED,Nagpur,Maharashtra,522076,2202.42
576,239,2025-03-06 13:29:00,UPI,DELIVERED,Noida,Uttar Pradesh,355775,7642.00
577,216,2024-03-31 04:39:00,COD,DELIVERED,Chandigarh,Chandigarh,253152,8348.16
578,298,2025-06-08 11:08:00,Debit Card,RETURN_REQUESTED,Delhi,Delhi,305214,5940.03
579,151,2024-02-24 12:08:00,Credit Card,PLACED,Jaipur,Rajasthan,467295,165647.86
580,266,2025-04-16 01:05:00,UPI,CANCELLED,Lucknow,Uttar Pradesh,677940,15891.08
581,333,2024-04-19 10:38:00,UPI,SHIPPED,Bhopal,Madhya Pradesh,108320,5756.61
582,247,2024-12-05 01:07:00,Debit Card,DELIVERED,Delhi,Delhi,457569,12331.59
583,28,2024-07-28 16:09:00,Credit Card,RETURNED,Delhi,Delhi,193676,1775.67
584,70,2024-08-16 21:40:00,COD,SHIPPED,Indore,Madhya Pradesh,168651,22374.82
585,160,2024-01-07 15:39:00,Debit Card,CONFIRMED,Gurugram,Haryana,810120,8102.66
586,1,2024-06-05 19:56:00,UPI,CONFIRMED,Jaipur,Rajasthan,477442,5981.75
587,105,2024-04-16 15:01:00,NetBanking,DELIVERED,Mumbai,Maharashtra,119295,4585.90
588,29,2024-05-04 09:25:00,Credit Card,SHIPPED,Kolkata,West Bengal,271359,3999.50
589,121,2025-07-13 08:52:00,Debit Card,DELIVERED,Nagpur,Maharashtra,442687,12563.16
590,337,2024-05-06 13:09:00,Debit Card,SHIPPED,Ahmedabad,Gujarat,396874,1881.01
591,337,2024-09-03 05:32:00,Debit Card,DELIVERED,Ahmedabad,Gujarat,396874,3216.98
592,244,2025-05-06 09:18:00,Debit Card,RETURNED,Lucknow,Uttar Pradesh,222310,2061.96
593,253,2025-01-11 21:17:00,UPI,DELIVERED,Kolkata,West Bengal,818461,834.50
594,55,2025-04-20 13:52:00,Credit Card,PLACED,Chandigarh,Chandigarh,113750,2476.66
595,235,2024-05-03 18:24:00,UPI,SHIPPED,Patna,Bihar,353485,1867.47
596,331,2025-03-31 01:58:00,COD,RETURNED,Mumbai,Maharashtra,797024,11124.20
597,240,2025-04-14 08:00:00,Wallet,DELIVERED,Bhopal,Madhya Pradesh,684683,10491.43
598,258,2024-08-03 11:57:00,Debit Card,DELIVERED,Noida,Uttar Pradesh,143746,5878.13
599,33,2024-06-27 20:09:00,UPI,DELIVERED,Visakhapatnam,Andhra Pradesh,634327,1901.77
600,174,2025-04-15 22:54:00,NetBanking,SHIPPED,Kolkata,West Bengal,818103,606.18
601,338,2024-11-06 12:04:00,COD,DELIVERED,Bengaluru,Karnataka,647536,10241.35
602,193,2025-04-28 19:42:00,UPI,DELIVERED,Kolkata,West Bengal,504909,2436.47
603,260,2025-06-22 08:08:00,Debit Card,DELIVERED,Pune,Maharashtra,312665,2266.13
604,298,2024-12-22 18:39:00,NetBanking,CONFIRMED,Delhi,Delhi,305214,24644.84
605,16,2024-06-11 07:06:00,Debit Card,DELIVERED,Jaipur,Rajasthan,375400,21330.35
606,348,2025-05-02 10:48:00,UPI,DELIVERED,Mumbai,Maharashtra,530093,2468.43
607,122,2024-04-17 05:46:00,COD,DELIVERED,Lucknow,Uttar Pradesh,757385,2622.74
608,216,2024-03-06 01:39:00,UPI,PLACED,Chandigarh,Chandigarh,253152,3093.96
609,38,2025-03-28 11:38:00,Debit Card,PLACED,Ahmedabad,Gujarat,569540,3556.08
610,90,2024-11-24 03:44:00,Credit Card,CONFIRMED,Indore,Madhya Pradesh,336197,1303.51
611,327,2025-08-10 17:12:00,UPI,DELIVERED,Indore,Madhya Pradesh,249402,59479.98
612,348,2024-10-19 07:12:00,Debit Card,DELIVERED,Mumbai,Maharashtra,530093,51752.20
613,271,2024-07-15 02:37:00,UPI,RETURNED,Patna,Bihar,640434,5299.82
614,50,2024-07-27 01:51:00,UPI,PLACED,Patna,Bihar,582848,45018.19
615,209,2025-08-04 17:55:00,UPI,SHIPPED,Chennai,Tamil Nadu,128541,13398.72
616,329,2025-06-24 15:12:00,NetBanking,DELIVERED,Visakhapatnam,Andhra Pradesh,285209,6927.82
617,243,2025-05-27 11:22:00,Debit Card,DELIVERED,Hyderabad,Telangana,282660,27954.57
618,71,2024-03-09 14:27:00,Debit Card,RETURN_REQUESTED,Pune,Maharashtra,891654,7083.65
619,292,2024-03-21 04:50:00,Credit Card,CONFIRMED,Pune,Maharashtra,402387,2292.95
620,256,2024-08-24 01:38:00,Credit Card,PLACED,Delhi,Delhi,169460,4185.33
621,149,2024-09-14 12:45:00,UPI,RETURN_REQUESTED,Pune,Maharashtra,418366,3488.73
622,81,2024-10-21 02:34:00,Credit Card,RETURN_REQUESTED,Surat,Gujarat,569210,7560.44
623,313,2025-05-27 09:25:00,Debit Card,DELIVERED,Gurugram,Haryana,816219,855.32
624,57,2025-08-19 15:59:00,COD,SHIPPED,Patna,Bihar,707867,821.68
625,16,2024-02-03 10:26:00,UPI,SHIPPED,Jaipur,Rajasthan,375400,90605.84
626,31,2024-05-22 06:35:00,NetBanking,SHIPPED,Patna,Bihar,532924,302.45
627,340,2024-03-04 07:31:00,UPI,RETURNED,Pune,Maharashtra,499171,4369.46
628,313,2024-02-06 11:04:00,COD,DELIVERED,Gurugram,Haryana,816219,1272.14
629,314,2024-03-23 17:30:00,COD,SHIPPED,Hyderabad,Telangana,237025,6199.19
630,22,2024-04-16 01:31:00,Credit Card,DELIVERED,Mumbai,Maharashtra,362660,186153.63
631,221,2025-05-04 09:50:00,NetBanking,RETURNED,Chandigarh,Chandigarh,773821,3911.11
632,11,2024-02-26 00:49:00,NetBanking,SHIPPED,Bhopal,Madhya Pradesh,298142,46929.25
633,312,2025-01-23 21:43:00,Debit Card,DELIVERED,Chandigarh,Chandigarh,545771,77471.14
634,27,2025-01-31 12:44:00,UPI,DELIVERED,Gurugram,Haryana,195604,19377.63
635,282,2024-05-21 03:28:00,UPI,DELIVERED,Nagpur,Maharashtra,837753,13480.59
636,189,2024-12-26 06:21:00,Credit Card,CONFIRMED,Kochi,Kerala,679626,906.37
637,119,2024-04-04 18:00:00,UPI,DELIVERED,Pune,Maharashtra,474641,1452.22
638,275,2025-08-04 01:51:00,UPI,DELIVERED,Lucknow,Uttar Pradesh,105912,3187.60
639,30,2024-03-19 01:08:00,Credit Card,SHIPPED,Kolkata,West Bengal,606044,2018.17
640,161,2024-12-24 19:41:00,COD,RETURNED,Nagpur,Maharashtra,522076,20084.62
641,67,2025-02-11 15:42:00,UPI,CONFIRMED,Patna,Bihar,690607,931.74
642,129,2025-07-10 06:31:00,Debit Card,CANCELLED,Visakhapatnam,Andhra Pradesh,375745,20475.65
643,113,2025-03-30 22:19:00,COD,DELIVERED,Pune,Maharashtra,492686,1081.34
644,150,2024-09-07 16:57:00,UPI,DELIVERED,Bengaluru,Karnataka,783061,1813.72
645,258,2024-04-16 01:22:00,COD,DELIVERED,Noida,Uttar Pradesh,143746,5770.64
646,319,2025-05-12 08:05:00,UPI,CONFIRMED,Mumbai,Maharashtra,638765,28319.75
647,267,2024-08-24 09:47:00,Credit Card,CONFIRMED,Kolkata,West Bengal,147509,1605.69
648,73,2024-02-06 07:44:00,Credit Card,DELIVERED,Ahmedabad,Gujarat,286712,21280.91
649,59,2024-01-22 15:53:00,UPI,SHIPPED,Delhi,Delhi,252621,433.34
650,197,2024-11-03 02:03:00,UPI,DELIVERED,Gurugram,Haryana,252236,597.14
651,254,2024-01-20 12:24:00,Credit Card,SHIPPED,Chennai,Tamil Nadu,399843,6226.47
652,195,2024-07-07 21:27:00,Credit Card,DELIVERED,Kolkata,West Bengal,163993,8093.00
653,17,2025-07-08 11:59:00,UPI,DELIVERED,Delhi,Delhi,463589,13725.75
654,173,2024-09-25 18:13:00,NetBanking,SHIPPED,Jaipur,Rajasthan,541065,30128.20
655,319,2025-03-20 13:50:00,Debit Card,DELIVERED,Mumbai,Maharashtra,638765,12102.40
656,30,2024-04-21 17:24:00,Wallet,RETURNED,Kolkata,West Bengal,606044,1349.88
657,148,2025-07-01 14:27:00,Credit Card,DELIVERED,Gurugram,Haryana,617930,861.52
658,266,2024-09-23 05:24:00,Credit Card,RETURNED,Lucknow,Uttar Pradesh,677940,11711.32
659,122,2024-05-15 00:17:00,NetBanking,RETURNED,Lucknow,Uttar Pradesh,757385,2482.81
660,44,2024-09-12 17:18:00,UPI,DELIVERED,Ahmedabad,Gujarat,340558,31495.22
661,316,2024-10-07 11:17:00,Debit Card,DELIVERED,Indore,Madhya Pradesh,487569,4481.21
662,312,2024-01-13 03:19:00,Credit Card,SHIPPED,Chandigarh,Chandigarh,545771,609.25
663,136,2024-07-02 14:29:00,UPI,PLACED,Surat,Gujarat,338866,575.45
664,19,2025-01-02 15:40:00,NetBanking,SHIPPED,Patna,Bihar,768308,5445.72
665,30,2025-08-16 02:17:00,COD,DELIVERED,Kolkata,West Bengal,606044,4106.74
666,33,2025-03-27 05:16:00,NetBanking,SHIPPED,Visakhapatnam,Andhra Pradesh,634327,1651.75
667,254,2024-05-10 07:40:00,UPI,RETURN_REQUESTED,Chennai,Tamil Nadu,399843,404.89
668,336,2024-02-20 07:07:00,Debit Card,SHIPPED,Visakhapatnam,Andhra Pradesh,423679,4555.81
669,260,2025-03-26 18:20:00,UPI,DELIVERED,Pune,Maharashtra,312665,2629.90
670,32,2024-09-22 08:01:00,Debit Card,RETURN_REQUESTED,Kochi,Kerala,151245,1870.45
671,181,2025-07-07 22:02:00,Debit Card,SHIPPED,Hyderabad,Telangana,614923,1885.76
672,40,2025-06-03 14:07:00,Credit Card,SHIPPED,Visakhapatnam,Andhra Pradesh,802178,32664.32
673,167,2025-08-07 11:53:00,NetBanking,DELIVERED,Delhi,Delhi,124972,30100.80
674,329,2025-03-12 09:09:00,UPI,DELIVERED,Visakhapatnam,Andhra Pradesh,285209,40154.76
675,185,2024-12-09 13:57:00,Debit Card,DELIVERED,Chandigarh,Chandigarh,279685,10074.01
676,151,2024-02-01 05:23:00,UPI,RETURNED,Jaipur,Rajasthan,467295,62012.15
677,303,2024-01-27 03:38:00,UPI,SHIPPED,Delhi,Delhi,456778,24954.07
678,261,2025-08-18 22:22:00,COD,DELIVERED,Chandigarh,Chandigarh,534220,2387.19
679,299,2024-02-03 21:46:00,UPI,DELIVERED,Surat,Gujarat,882440,290.60
680,333,2024-03-21 02:59:00,Wallet,DELIVERED,Bhopal,Madhya Pradesh,108320,12024.50
681,295,2025-07-15 23:26:00,Credit Card,CONFIRMED,Pune,Maharashtra,689546,5619.40
682,271,2024-02-22 19:30:00,Debit Card,DELIVERED,Patna,Bihar,640434,106572.12
683,163,2024-10-02 06:53:00,Credit Card,RETURNED,Hyderabad,Telangana,382990,710.85
684,169,2024-09-05 11:14:00,Credit Card,DELIVERED,Ahmedabad,Gujarat,126977,1608.93
685,60,2024-09-03 14:46:00,Wallet,DELIVERED,Hyderabad,Telangana,502793,15384.37
686,41,2024-12-26 17:32:00,UPI,DELIVERED,Gurugram,Haryana,819621,1303.26
687,248,2024-08-23 14:50:00,Credit Card,DELIVERED,Chandigarh,Chandigarh,680862,13669.78
688,65,2025-07-04 07:49:00,COD,DELIVERED,Hyderabad,Telangana,217477,14760.99
689,341,2024-05-21 19:16:00,NetBanking,SHIPPED,Kochi,Kerala,222982,1210.32
690,61,2024-03-24 13:26:00,Credit Card,CONFIRMED,Nagpur,Maharashtra,281700,14707.77
691,254,2024-07-21 05:56:00,Credit Card,SHIPPED,Chennai,Tamil Nadu,399843,2388.56
692,215,2024-09-26 17:45:00,COD,DELIVERED,Kochi,Kerala,755700,3082.22
693,65,2024-02-04 13:01:00,Debit Card,RETURNED,Hyderabad,Telangana,217477,1288.21
694,68,2025-06-11 16:58:00,UPI,DELIVERED,Kochi,Kerala,727698,363.18
695,66,2025-02-15 22:35:00,UPI,SHIPPED,Kochi,Kerala,132690,7810.67
696,173,2024-12-10 18:38:00,Debit Card,RETURNED,Jaipur,Rajasthan,541065,2305.48
697,24,2024-03-16 23:58:00,UPI,DELIVERED,Bhopal,Madhya Pradesh,698675,11038.18
698,210,2025-04-05 23:53:00,Credit Card,DELIVERED,Kochi,Kerala,753052,303.09
699,69,2024-07-06 23:49:00,Credit Card,CANCELLED,Chennai,Tamil Nadu,368765,7469.18
700,261,2024-03-26 04:57:00,UPI,DELIVERED,Chandigarh,Chandigarh,534220,3949.62
701,346,2025-04-09 12:20:00,Credit Card,DELIVERED,Visakhapatnam,Andhra Pradesh,387856,64.27
702,302,2024-10-13 03:14:00,UPI,SHIPPED,Indore,Madhya Pradesh,470870,10095.45
703,289,2025-06-14 16:37:00,Credit Card,RETURNED,Indore,Madhya Pradesh,410316,22777.99
704,147,2024-11-26 12:20:00,NetBanking,RETURNED,Delhi,Delhi,417114,73752.13
705,22,2024-08-03 13:33:00,UPI,RETURN_REQUESTED,Mumbai,Maharashtra,362660,20147.68
706,161,2024-04-11 11:18:00,UPI,SHIPPED,Nagpur,Maharashtra,522076,15592.96
707,250,2025-03-25 07:56:00,UPI,RETURNED,Noida,Uttar Pradesh,303966,4400.27
708,133,2024-04-18 07:42:00,UPI,CONFIRMED,Noida,Uttar Pradesh,687398,2424.62
709,283,2025-06-04 05:01:00,Credit Card,PLACED,Jaipur,Rajasthan,766228,18973.47
710,277,2025-07-04 06:00:00,Credit Card,CANCELLED,Visakhapatnam,Andhra Pradesh,855431,5992.04
711,190,2024-07-27 09:36:00,Credit Card,DELIVERED,Chennai,Tamil Nadu,584013,7384.12
712,65,2025-04-09 09:58:00,UPI,DELIVERED,Hyderabad,Telangana,217477,892.21
713,62,2025-03-31 13:31:00,UPI,RETURN_REQUESTED,Kochi,Kerala,790297,68657.41
714,143,2024-04-29 11:51:00,UPI,DELIVERED,Chandigarh,Chandigarh,159743,38150.80
715,39,2024-11-30 05:32:00,UPI,DELIVERED,Surat,Gujarat,346915,25770.59
716,263,2024-03-16 22:44:00,UPI,RETURNED,Patna,Bihar,520357,6021.35
717,222,2024-04-12 22:50:00,Credit Card,SHIPPED,Ahmedabad,Gujarat,749857,2327.60
718,286,2024-02-06 20:40:00,UPI,CONFIRMED,Lucknow,Uttar Pradesh,133092,36771.55
719,193,2024-08-13 21:12:00,UPI,SHIPPED,Kolkata,West Bengal,504909,4063.26
720,96,2025-05-23 09:08:00,UPI,RETURN_REQUESTED,Chennai,Tamil Nadu,262780,11058.58
721,265,2024-08-07 00:27:00,UPI,DELIVERED,Noida,Uttar Pradesh,696853,4243.63
722,107,2024-07-01 01:26:00,Debit Card,DELIVERED,Bhopal,Madhya Pradesh,795122,36828.66
723,324,2025-08-20 07:40:00,UPI,DELIVERED,Noida,Uttar Pradesh,193616,4669.04
724,93,2024-11-03 07:56:00,UPI,DELIVERED,Kolkata,West Bengal,561252,11027.52
725,323,2025-02-05 19:22:00,Credit Card,SHIPPED,Pune,Maharashtra,578936,133834.48
726,113,2024-04-25 09:26:00,Wallet,SHIPPED,Pune,Maharashtra,492686,4214.94
727,340,2025-03-11 03:11:00,Credit Card,SHIPPED,Pune,Maharashtra,499171,12834.77
728,59,2024-12-21 22:25:00,Debit Card,DELIVERED,Delhi,Delhi,252621,11898.57
729,248,2025-05-15 19:26:00,Debit Card,PLACED,Chandigarh,Chandigarh,680862,9452.10
730,138,2025-06-03 06:56:00,COD,DELIVERED,Gurugram,Haryana,177232,2691.36
731,288,2024-11-26 08:43:00,UPI,DELIVERED,Delhi,Delhi,250984,486.12
732,227,2025-03-11 12:16:00,COD,SHIPPED,Noida,Uttar Pradesh,354784,17792.53
733,113,2024-12-13 20:52:00,UPI,DELIVERED,Pune,Maharashtra,492686,363.18
734,114,2025-08-09 05:34:00,UPI,DELIVERED,Nagpur,Maharashtra,289296,52147.39
735,315,2024-12-03 04:38:00,Credit Card,RETURNED,Chennai,Tamil Nadu,375133,7102.64
736,11,2025-01-23 02:49:00,Debit Card,RETURNED,Bhopal,Madhya Pradesh,298142,105795.79
737,284,2024-03-05 20:03:00,Credit Card,DELIVERED,Patna,Bihar,145637,7535.53
738,102,2024-06-09 17:25:00,COD,SHIPPED,Noida,Uttar Pradesh,730990,302.45
739,83,2025-01-17 10:26:00,UPI,DELIVERED,Patna,Bihar,664638,178110.12
740,7,2024-02-06 00:48:00,COD,CONFIRMED,Pune,Maharashtra,154139,226331.12
741,204,2025-05-11 01:10:00,UPI,PLACED,Chennai,Tamil Nadu,371155,7327.95
742,324,2024-09-10 01:17:00,Debit Card,CANCELLED,Noida,Uttar Pradesh,193616,51032.80
743,194,2025-02-14 04:52:00,Debit Card,SHIPPED,Kochi,Kerala,754386,103248.69
744,44,2024-03-19 02:32:00,Debit Card,DELIVERED,Ahmedabad,Gujarat,340558,3393.03
745,213,2024-01-21 00:47:00,NetBanking,DELIVERED,Chennai,Tamil Nadu,119001,8369.27
746,78,2024-04-07 23:37:00,NetBanking,SHIPPED,Hyderabad,Telangana,587068,5056.68
747,311,2024-11-15 10:27:00,Credit Card,PLACED,Chennai,Tamil Nadu,782894,24136.19
748,141,2025-04-14 06:06:00,UPI,DELIVERED,Bhopal,Madhya Pradesh,371957,2640.32
749,242,2025-01-20 09:27:00,UPI,RETURNED,Gurugram,Haryana,477718,817.95
750,288,2024-10-12 15:18:00,COD,DELIVERED,Delhi,Delhi,250984,36697.26
751,126,2025-01-26 00:31:00,Debit Card,RETURNED,Kochi,Kerala,331164,2075.49
752,280,2024-04-20 14:14:00,Credit Card,PLACED,Pune,Maharashtra,541072,16278.87
753,119,2025-04-02 11:30:00,Credit Card,DELIVERED,Pune,Maharashtra,474641,22263.32
754,171,2024-05-27 20:05:00,UPI,SHIPPED,Surat,Gujarat,766769,22489.03
755,251,2024-09-12 02:09:00,Credit Card,CANCELLED,Chandigarh,Chandigarh,568949,8219.35
756,268,2025-08-03 07:03:00,NetBanking,SHIPPED,Bengaluru,Karnataka,523411,28746.85
757,160,2024-12-11 04:02:00,UPI,DELIVERED,Gurugram,Haryana,810120,15411.10
758,209,2024-01-06 08:44:00,UPI,DELIVERED,Chennai,Tamil Nadu,128541,244495.59
759,251,2025-07-12 15:20:00,Wallet,SHIPPED,Chandigarh,Chandigarh,568949,3469.35
760,237,2025-05-09 16:35:00,COD,RETURNED,Visakhapatnam,Andhra Pradesh,411063,9602.33
761,42,2024-04-17 13:44:00,UPI,CONFIRMED,Bhopal,Madhya Pradesh,892539,15112.74
762,7,2024-06-14 16:47:00,UPI,SHIPPED,Pune,Maharashtra,154139,24210.36
763,59,2024-02-09 13:31:00,UPI,CANCELLED,Delhi,Delhi,252621,24307.12
764,250,2024-05-23 23:55:00,Credit Card,DELIVERED,Noida,Uttar Pradesh,303966,1635.90
765,152,2024-04-30 13:18:00,Debit Card,RETURN_REQUESTED,Indore,Madhya Pradesh,857991,7866.48
766,139,2025-06-19 10:39:00,COD,DELIVERED,Noida,Uttar Pradesh,200200,5688.85
767,85,2024-05-24 09:33:00,Debit Card,CANCELLED,Bengaluru,Karnataka,206567,2830.27
768,191,2025-06-15 19:16:00,Credit Card,SHIPPED,Jaipur,Rajasthan,475277,4761.23
769,170,2024-05-18 05:33:00,Debit Card,DELIVERED,Nagpur,Maharashtra,655264,1618.36
770,163,2025-03-02 05:09:00,Credit Card,RETURNED,Hyderabad,Telangana,382990,22108.22
771,3,2024-11-15 22:12:00,UPI,CONFIRMED,Kolkata,West Bengal,636760,4089.67
772,235,2024-12-04 03:03:00,Debit Card,DELIVERED,Patna,Bihar,353485,5371.18
773,35,2024-12-24 20:35:00,COD,SHIPPED,Chennai,Tamil Nadu,240601,73527.03
774,8,2024-07-16 08:18:00,NetBanking,RETURN_REQUESTED,Delhi,Delhi,799767,5479.04
775,300,2024-11-09 11:39:00,NetBanking,RETURNED,Surat,Gujarat,143860,1485.01
776,288,2025-07-08 20:42:00,UPI,DELIVERED,Delhi,Delhi,250984,52943.60
777,53,2024-08-09 08:11:00,UPI,CONFIRMED,Nagpur,Maharashtra,792624,5798.52
778,268,2025-01-27 10:36:00,NetBanking,DELIVERED,Bengaluru,Karnataka,523411,107760.48
779,142,2025-04-29 06:10:00,UPI,SHIPPED,Indore,Madhya Pradesh,843453,2724.31
780,111,2024-04-03 19:09:00,UPI,DELIVERED,Visakhapatnam,Andhra Pradesh,180800,9080.54
781,1,2024-11-27 02:57:00,Wallet,CONFIRMED,Jaipur,Rajasthan,477442,4984.15
782,226,2025-03-11 21:30:00,UPI,DELIVERED,Pune,Maharashtra,268322,1444.08
783,61,2024-09-03 17:25:00,UPI,DELIVERED,Nagpur,Maharashtra,281700,2129.56
784,243,2024-12-29 09:53:00,Credit Card,DELIVERED,Hyderabad,Telangana,282660,3542.66
785,310,2024-08-07 05:40:00,NetBanking,DELIVERED,Indore,Madhya Pradesh,293465,5224.31
786,224,2025-07-27 14:31:00,Debit Card,SHIPPED,Gurugram,Haryana,369464,36347.78
787,62,2025-07-25 13:41:00,UPI,PLACED,Kochi,Kerala,790297,3399.23
788,188,2025-04-22 21:22:00,Debit Card,SHIPPED,Patna,Bihar,371368,16081.34
789,287,2024-07-14 12:23:00,UPI,DELIVERED,Kolkata,West Bengal,207704,8577.50
790,6,2024-07-19 14:23:00,Credit Card,PLACED,Nagpur,Maharashtra,221077,56075.48
791,159,2024-12-02 03:58:00,UPI,SHIPPED,Surat,Gujarat,364039,13953.36
792,7,2024-10-06 01:41:00,UPI,DELIVERED,Pune,Maharashtra,154139,716.77
793,23,2024-09-16 08:40:00,UPI,DELIVERED,Lucknow,Uttar Pradesh,742607,735.12
794,16,2025-04-27 19:40:00,Credit Card,SHIPPED,Jaipur,Rajasthan,375400,56273.27
795,332,2025-07-12 03:02:00,UPI,DELIVERED,Lucknow,Uttar Pradesh,441128,15798.48
796,79,2024-06-30 04:05:00,Credit Card,CANCELLED,Hyderabad,Telangana,729906,16644.43
797,29,2025-03-30 20:45:00,UPI,CONFIRMED,Kolkata,West Bengal,271359,84822.21
798,279,2024-10-11 06:41:00,Debit Card,PLACED,Noida,Uttar Pradesh,145474,840.49
799,345,2024-11-20 22:10:00,COD,DELIVERED,Jaipur,Rajasthan,412027,7016.83
800,188,2025-06-12 00:42:00,Credit Card,CANCELLED,Patna,Bihar,371368,16668.80
